id,temp,humidity,wind,game_id
1,81,0,8,20180906ATLPHI
2,61,0,12,20180909BUFBAL
3,58,0,11,20180909PITCLE
4,62,0,10,20180909HOUNWE
5,59,0,7,20180909JAXNYG
6,89,0,7,20180909TENMIA
7,84,0,8,20180909KANLAC
8,81,0,9,20180909DALCAR
9,84,0,5,20180909SEADEN
10,62,0,10,20180909CHIGNB
11,69,0,10,20180910LAROAK
12,82,0,3,20180913BALCIN
13,83,0,6,20180916LACBUF
14,71,0,5,20180916INDWAS
15,80,0,5,20180916MINGNB
16,81,0,12,20180916HOUTEN
17,80,0,10,20180916KANPIT
18,80,0,4,20180916MIANYJ
19,91,0,9,20180916PHITAM
20,86,0,2,20180916ARILAR
21,73,0,12,20180916DETSFO
22,92,0,4,20180916OAKDEN
23,97,0,15,20180916NWEJAX
24,79,0,2,20180917SEACHI
25,83,0,11,20180920NYJCLE
26,80,0,3,20180923CINCAR
27,61,0,5,20180923INDPHI
28,61,0,5,20180923DENBAL
29,62,0,6,20180923GNBWAS
30,89,0,10,20180923TENJAX
31,70,0,4,20180923SFOKAN
32,90,0,7,20180923OAKMIA
33,80,0,5,20180923LACLAR
34,61,0,4,20180923DALSEA
35,77,0,5,20180924PITTAM
36,75,0,3,20180927MINLAR
37,49,0,9,20180930BUFGNB
38,66,0,5,20180930TAMCHI
39,86,0,10,20180930NYJJAX
40,65,0,6,20180930MIANWE
41,80,0,4,20180930PHITEN
42,71,0,8,20180930CLEOAK
43,71,0,7,20180930NORNYG
44,78,0,9,20180930SFOLAC
45,69,0,2,20180930BALPIT
46,65,0,5,20181001KANDEN
47,66,0,6,20181004INDNWE
48,80,0,3,20181007NYGCAR
49,83,0,5,20181007ATLPIT
50,62,0,8,20181007TENBUF
51,87,0,4,20181007MIACIN
52,72,0,5,20181007BALCLE
53,77,0,7,20181007DENNYJ
54,58,0,5,20181007JAXKAN
55,75,0,10,20181007OAKLAC
56,79,0,15,20181007ARISFO
57,79,0,6,20181007MINPHI
58,53,0,5,20181007LARSEA
59,70,0,3,20181011PHINYG
60,52,0,0,20181014CARWAS
61,89,0,8,20181014CHIMIA
62,51,0,6,20181014PITCIN
63,51,0,9,20181014LACCLE
64,60,0,7,20181014INDNYJ
65,52,0,10,20181014SEAOAK
66,25,0,6,20181014LARDEN
67,66,0,4,20181014BALTEN
68,45,0,0,20181014KANNWE
69,37,0,5,20181015SFOGNB
70,66,0,6,20181021TENLAC
71,49,0,19,20181021CARPHI
72,44,0,9,20181021NWECHI
73,89,0,8,20181021DETMIA
74,79,0,7,20181021CLETAM
75,68,0,15,20181021HOUJAX
76,46,0,16,20181021MINNYJ
77,54,0,15,20181021NORBAL
78,52,0,12,20181021DALWAS
79,62,0,5,20181021LARSFO
80,59,0,10,20181021CINKAN
81,48,0,12,20181028PHIJAX
82,61,0,10,20181028BALCAR
83,48,0,18,20181028NYJCHI
84,55,0,7,20181028TAMCIN
85,47,0,11,20181028CLEPIT
86,56,0,12,20181028DENKAN
87,51,0,11,20181028WASNYG
88,69,0,8,20181028INDOAK
89,82,0,1,20181028GNBLAR
90,46,0,16,20181029NWEBUF
91,82,0,8,20181101OAKSFO
92,55,0,5,20181104ATLWAS
93,62,0,8,20181104TAMCAR
94,55,0,6,20181104PITBAL
95,49,0,12,20181104CHIBUF
96,53,0,16,20181104KANCLE
97,87,0,16,20181104NYJMIA
98,56,0,4,20181104LACSEA
99,53,0,3,20181104HOUDEN
100,40,0,2,20181104GNBNWE
101,40,0,4,20181108CARPIT
102,36,0,9,20181111ATLCLE
103,37,0,12,20181111DETCHI
104,39,0,6,20181111NORCIN
105,43,0,5,20181111ARIKAN
106,82,0,3,20181111WASTAM
107,46,0,10,20181111BUFNYJ
108,46,0,4,20181111NWETEN
109,69,0,16,20181111LACOAK
110,33,0,6,20181111MIAGNB
111,75,0,1,20181111SEALAR
112,38,0,5,20181111DALPHI
113,62,0,0,20181112NYGSFO
114,54,0,6,20181115GNBSEA
115,48,0,8,20181118CINBAL
116,48,0,6,20181118HOUWAS
117,73,0,8,20181118PITJAX
118,42,0,1,20181118TAMNYG
119,69,0,4,20181118DENLAC
120,33,0,6,20181118MINCHI
121,65,0,0,20181119KANLAR
122,44,0,12,20181125JAXBUF
123,57,0,1,20181125SEACAR
124,44,0,4,20181125CLECIN
125,54,0,8,20181125NWENYJ
126,56,0,10,20181125NYGPHI
127,60,0,7,20181125OAKBAL
128,77,0,7,20181125SFOTAM
129,74,0,3,20181125ARILAC
130,41,0,7,20181125PITDEN
131,86,0,15,20181202BUFMIA
132,81,0,15,20181202CARTAM
133,52,0,3,20181202CHINYG
134,63,0,12,20181202DENCIN
135,78,0,13,20181202INDJAX
136,34,0,20,20181202ARIGNB
137,57,0,6,20181202KANOAK
138,70,0,13,20181202NYJTEN
139,53,0,6,20181202MINNWE
140,45,0,2,20181202SFOSEA
141,57,0,8,20181202LACPIT
142,36,0,15,20181203WASPHI
143,44,0,5,20181206JAXTEN
144,25,0,10,20181209ATLGNB
145,31,0,12,20181209NYJBUF
146,28,0,4,20181209CARCLE
147,27,0,0,20181209BALKAN
148,82,0,13,20181209NWEMIA
149,71,0,7,20181209NORTAM
150,33,0,6,20181209NYGWAS
151,54,0,3,20181209DENSFO
152,55,0,8,20181209PITOAK
153,29,0,4,20181209LARCHI
154,48,0,9,20181210MINSEA
155,39,0,5,20181213LACKAN
156,51,0,8,20181215HOUNYJ
157,46,0,0,20181215CLEDEN
158,39,0,7,20181216DETBUF
159,45,0,10,20181216GNBCHI
160,43,0,2,20181216OAKCIN
161,64,0,12,20181216WASJAX
162,40,0,6,20181216TENNYG
163,43,0,10,20181216TAMBAL
164,61,0,11,20181216SEASFO
165,42,0,5,20181216NWEPIT
166,60,0,5,20181216PHILAR
167,48,0,3,20181217NORCAR
168,51,0,9,20181222WASTEN
169,60,0,5,20181222BALLAC
170,52,0,7,20181223ATLCAR
171,40,0,12,20181223BUFNWE
172,37,0,9,20181223CINCLE
173,43,0,8,20181223GNBNYJ
174,44,0,5,20181223HOUPHI
175,73,0,9,20181223JAXMIA
176,50,0,5,20181223CHISFO
177,43,0,8,20181223KANSEA
178,58,0,14,20181224DENOAK
179,80,0,5,20181230ATLTAM
180,33,0,9,20181230MIABUF
181,37,0,2,20181230DALNYG
182,26,0,15,20181230DETGNB
183,33,0,2,20181230NYJNWE
184,42,0,9,20181230CINPIT
185,48,0,2,20181230CLEBAL
186,45,0,5,20181230ARISEA
187,51,0,6,20181230LACDEN
188,45,0,15,20181230OAKKAN
189,46,0,3,20181230PHIWAS
190,65,0,3,20181230SFOLAR
191,53,0,4,20181230INDTEN
192,52,0,12,20190106LACBAL
193,39,0,12,20190106PHICHI
194,32,0,13,20190112INDKAN
195,57,0,1,20190112DALLAR
196,26,0,3,20190113LACNWE
197,19,0,14,20190120NWEKAN
198,65,69,10,20190905GNBCHI
199,77,46,6,20190908BUFNYJ
200,87,53,3,20190908LARCAR
201,71,55,10,20190908TENCLE
202,91,54,6,20190908KANJAX
203,91,56,8,20190908BALMIA
204,79,49,4,20190908WASPHI
205,64,82,7,20190908CINSEA
206,77,52,10,20190908INDLAC
207,93,52,9,20190908SFOTAM
208,66,62,2,20190908PITNWE
209,68,66,15,20190909DENOAK
210,85,55,3,20190912TAMCAR
211,79,48,5,20190915BUFNYG
212,81,45,5,20190915SFOCIN
213,93,45,1,20190915INDTEN
214,82,60,8,20190915ARIBAL
215,80,46,7,20190915DALWAS
216,72,75,5,20190915MINGNB
217,87,67,4,20190915NWEMIA
218,81,51,3,20190915SEAPIT
219,70,61,13,20190915KANOAK
220,87,14,3,20190915CHIDEN
221,85,44,4,20190915NORLAR
222,72,69,3,20190916CLENYJ
223,73,87,9,20190919TENJAX
224,83,53,13,20190922CINBUF
225,69,93,7,20190922DENGNB
226,84,53,7,20190922DETPHI
227,81,49,10,20190922NYJNWE
228,88,46,11,20190922NYGTAM
229,87,37,4,20190922HOULAC
230,63,85,8,20190922NORSEA
231,79,36,3,20190922PITSFO
232,83,33,12,20190922LARCLE
233,87,39,5,20190923CHIWAS
234,60,62,3,20190926PHIGNB
235,58,71,10,20190929NWEBUF
236,83,57,8,20190929CLEBAL
237,88,53,15,20190929LACMIA
238,77,42,11,20190929WASNYG
239,74,41,2,20190929TAMLAR
240,67,89,8,20190929MINCHI
241,87,11,14,20190929JAXDEN
242,76,72,1,20190930CINPIT
243,57,56,7,20191003LARSEA
244,68,68,10,20191006NYJPHI
245,77,71,13,20191006BUFTEN
246,72,59,4,20191006JAXCAR
247,59,60,15,20191006CHIOAK
248,76,68,6,20191006ARICIN
249,66,73,10,20191006MINNYG
250,70,66,8,20191006NWEWAS
251,70,74,7,20191006BALPIT
252,85,35,12,20191006DENLAC
253,59,75,3,20191006INDKAN
254,87,36,8,20191007CLESFO
255,54,61,13,20191010NYGNWE
256,61,86,14,20191013CARTAM
257,84,66,13,20191013WASMIA
258,64,43,7,20191013CINBAL
259,58,38,20,20191013SEACLE
260,56,47,2,20191013HOUKAN
261,81,56,3,20191013NORJAX
262,77,42,2,20191013SFOLAR
263,66,38,7,20191013DALNYJ
264,69,9,7,20191013TENDEN
265,71,61,9,20191013PITLAC
266,43,73,5,20191014DETGNB
267,75,7,6,20191017KANDEN
268,65,54,7,20191020MIABUF
269,55,93,12,20191020SFOWAS
270,70,63,2,20191020JAXCIN
271,56,78,3,20191020ARINYG
272,55,74,6,20191020OAKGNB
273,77,40,2,20191020LACTEN
274,54,84,6,20191020NORCHI
275,50,79,8,20191020BALSEA
276,58,73,0,20191021NWENYJ
277,54,87,23,20191027PHIBUF
278,52,59,9,20191027LACCHI
279,48,69,5,20191027CINLAR
280,59,67,3,20191027TAMTEN
281,66,20,19,20191027CARSFO
282,49,91,11,20191027CLENWE
283,54,60,5,20191027GNBKAN
284,59,50,2,20191028MIAPIT
285,53,54,6,20191103HOUJAX
286,42,56,18,20191103WASBUF
287,58,34,5,20191103TENCAR
288,52,37,13,20191103CHIPHI
289,48,47,12,20191103INDPIT
290,85,64,11,20191103NYJMIA
291,54,37,15,20191103MINKAN
292,71,34,6,20191103DETOAK
293,54,66,6,20191103TAMSEA
294,55,32,4,20191103CLEDEN
295,48,41,1,20191103NWEBAL
296,51,58,10,20191104DALNYG
297,54,84,9,20191107LACOAK
298,40,80,12,20191110DETCHI
299,56,53,9,20191110BALCIN
300,77,53,8,20191110ARITAM
301,63,35,9,20191110KANTEN
302,48,50,8,20191110NYGNYJ
303,55,44,12,20191110LARPIT
304,77,32,3,20191111SEASFO
305,36,57,10,20191114PITCLE
306,51,50,11,20191117ATLCAR
307,62,74,13,20191117BUFMIA
308,44,56,10,20191117HOUBAL
309,55,79,4,20191117NORTAM
310,43,58,8,20191117NYJWAS
311,72,46,0,20191117ARISFO
312,76,41,13,20191117CINOAK
313,42,57,13,20191117NWEPHI
314,79,20,0,20191117CHILAR
315,67,63,7,20191118KANLAC
316,40,75,17,20191124DENBUF
317,48,59,12,20191124NYGCHI
318,46,62,10,20191124PITCIN
319,39,73,14,20191124MIACLE
320,46,56,17,20191124DETWAS
321,43,93,12,20191124OAKNYJ
322,40,78,17,20191124SEAPHI
323,52,54,9,20191124JAXTEN
324,38,90,16,20191124DALNWE
325,63,40,7,20191124GNBSFO
326,62,64,5,20191125BALLAR
327,64,77,16,20191201WASCAR
328,46,77,15,20191201NYJCIN
329,46,91,6,20191201CLEPIT
330,32,86,10,20191201GNBNYG
331,40,91,13,20191201SFOBAL
332,33,51,7,20191201LACDEN
333,36,55,20,20191201OAKKAN
334,51,65,1,20191202MINSEA
335,44,66,9,20191205DALCHI
336,43,48,18,20191208BALBUF
337,48,58,16,20191208CINCLE
338,78,58,9,20191208INDTAM
339,37,75,10,20191208WASGNB
340,41,47,9,20191208MIANYJ
341,32,56,8,20191208KANNWE
342,59,78,5,20191208TENOAK
343,60,79,4,20191208SEALAR
344,53,87,11,20191209NYGPHI
345,33,55,3,20191212NYJBAL
346,56,45,5,20191215SEACAR
347,11,70,7,20191215CHIGNB
348,36,58,6,20191215NWECIN
349,24,88,8,20191215DENKAN
350,45,71,4,20191215HOUTEN
351,48,42,19,20191215MIANYG
352,52,44,13,20191215PHIWAS
353,59,52,7,20191215JAXOAK
354,64,28,14,20191215MINLAC
355,55,58,6,20191215ATLSFO
356,31,67,6,20191215BUFPIT
357,73,65,11,20191221HOUTAM
358,33,64,2,20191221BUFNWE
359,58,66,12,20191221LARSFO
360,76,68,15,20191222CINMIA
361,49,41,10,20191222BALCLE
362,50,59,4,20191222NORTEN
363,44,52,6,20191222NYGWAS
364,45,52,6,20191222PITNYJ
365,67,8,3,20191222DETDEN
366,64,60,10,20191222OAKLAC
367,43,87,7,20191222ARISEA
368,47,46,7,20191222DALPHI
369,45,66,10,20191222KANCHI
370,78,77,12,20191229ATLTAM
371,43,85,7,20191229NYJBUF
372,63,89,9,20191229NORCAR
373,64,80,7,20191229CLECIN
374,40,70,16,20191229LACKAN
375,43,41,2,20191229MIANWE
376,62,47,0,20191229ARILAR
377,31,43,6,20191229OAKDEN
378,42,69,5,20191229PHINYG
379,46,91,7,20191229PITBAL
380,51,70,3,20191229SFOSEA
381,44,88,4,20200104TENNWE
382,41,40,17,20200105SEAPHI
383,56,67,11,20200111MINSFO
384,69,70,12,20200111TENBAL
385,23,74,8,20200112SEAGNB
386,58,56,5,20200119GNBSFO
387,56,95,7,20200910HOUKAN
388,67,93,15,20200913NYJBUF
389,81,59,5,20200913LVRCAR
390,76,72,5,20200913CLEBAL
391,80,85,3,20200913INDJAX
392,70,62,8,20200913MIANWE
393,76,68,5,20200913PHIWAS
394,83,56,6,20200913LACCIN
395,66,68,6,20200913ARISFO
396,71,44,5,20200914PITNYG
397,79,14,10,20200914TENDEN
398,65,52,8,20200917CINCLE
399,90,68,5,20200920BUFMIA
400,85,72,17,20200920CARTAM
401,66,41,12,20200920NYGCHI
402,64,39,5,20200920DENPIT
403,66,41,12,20200920DETGNB
404,72,60,5,20200920JAXTEN
405,61,29,7,20200920SFONYJ
406,62,34,12,20200920LARPHI
407,70,57,5,20200920NWESEA
408,81,75,12,20200924MIAJAX
409,79,52,16,20200927LARBUF
410,76,82,5,20200927CINPHI
411,73,64,18,20200927WASCLE
412,79,69,6,20200927HOUPIT
413,73,81,8,20200927LVRNWE
414,75,72,2,20200927SFONYG
415,63,65,3,20200927DALSEA
416,55,39,7,20200927TAMDEN
417,73,84,8,20200928KANBAL
418,64,55,6,20201001DENNYJ
419,68,48,8,20201004ARICAR
420,52,54,10,20201004INDCHI
421,64,58,6,20201004JAXCIN
422,86,71,13,20201004SEAMIA
423,65,45,5,20201004BALWAS
424,75,87,6,20201004LACTAM
425,84,30,12,20201004PHISFO
426,73,39,14,20201005NWEKAN
427,53,46,9,20201005ATLGNB
428,57,74,7,20201008TAMCHI
429,69,92,3,20201011CINBAL
430,64,57,8,20201011ARINYJ
431,80,57,16,20201011LVRKAN
432,70,89,4,20201011PHIPIT
433,69,82,2,20201011LARWAS
434,73,41,6,20201011MIASFO
435,64,67,16,20201011INDCLE
436,54,90,10,20201011MINSEA
437,73,32,3,20201013BUFTEN
438,58,45,7,20201018DENNWE
439,78,78,10,20201018DETJAX
440,63,44,6,20201018CHICAR
441,61,43,9,20201018CLEPIT
442,61,58,10,20201018HOUTEN
443,62,48,0,20201018WASNYG
444,61,52,7,20201018BALPHI
445,85,66,15,20201018NYJMIA
446,88,48,12,20201018GNBTAM
447,86,22,10,20201018LARSFO
448,51,92,6,20201019KANBUF
449,70,75,4,20201022NYGPHI
450,55,88,3,20201025PITTEN
451,52,52,8,20201025BUFNYJ
452,48,77,8,20201025CLECIN
453,46,90,5,20201025DALWAS
454,14,78,11,20201025KANDEN
455,49,60,7,20201025SFONWE
456,76,76,8,20201029ATLCAR
457,34,50,23,20201101MINGNB
458,86,73,10,20201101LARMIA
459,52,97,7,20201101PITBAL
460,41,87,17,20201101NWEBUF
461,48,52,24,20201101TENCIN
462,49,56,35,20201101LVRCLE
463,52,0,11,20201101NYJKAN
464,64,23,10,20201101LACDEN
465,55,58,4,20201101SFOSEA
466,40,41,20,20201101NORCHI
467,49,66,17,20201101DALPHI
468,39,46,8,20201102TAMNYG
469,78,83,5,20201105GNBSFO
470,79,71,14,20201108HOUJAX
471,69,41,4,20201108SEABUF
472,71,63,19,20201108CARKAN
473,77,55,14,20201108CHITEN
474,75,49,1,20201108NYGWAS
475,77,76,17,20201108NORTAM
476,61,72,2,20201109NWENYJ
477,56,46,6,20201112INDTEN
478,59,66,25,20201115HOUCLE
479,38,76,23,20201115JAXGNB
480,65,90,15,20201115TAMCAR
481,56,60,18,20201115PHINYG
482,83,73,7,20201115LACMIA
483,52,82,21,20201115CINPIT
484,52,81,13,20201115BALNWE
485,44,59,11,20201116MINCHI
486,48,74,11,20201119ARISEA
487,57,63,7,20201122CINWAS
488,38,88,8,20201122PHICLE
489,72,84,3,20201122PITJAX
490,53,67,6,20201122TENBAL
491,65,67,7,20201122DETCAR
492,45,19,7,20201122MIADEN
493,69,65,5,20201123LARTAM
494,48,52,7,20201129LACBUF
495,52,50,4,20201129NYGCIN
496,70,83,1,20201129CLEJAX
497,52,40,8,20201129ARINWE
498,54,32,2,20201129MIANYJ
499,38,33,6,20201129NORDEN
500,81,50,5,20201129KANTAM
501,37,59,13,20201129CHIGNB
502,60,94,16,20201130SEAPHI
503,36,68,14,20201202BALPIT
504,35,80,5,20201206DETCHI
505,81,64,5,20201206CINMIA
506,52,68,1,20201206CLETEN
507,39,46,18,20201206LVRNYJ
508,51,83,4,20201206NYGSEA
509,34,64,9,20201206PHIGNB
510,41,70,9,20201206DENKAN
511,34,58,10,20201207WASPIT
512,38,54,9,20201208DALBAL
513,70,67,7,20201213DENCAR
514,34,70,1,20201213HOUCHI
515,44,73,5,20201213DALCIN
516,59,58,15,20201213ARINYG
517,69,83,2,20201213TENJAX
518,81,56,8,20201213KANMIA
519,78,63,5,20201213MINTAM
520,43,90,8,20201213NYJSEA
521,57,49,10,20201213NORPHI
522,35,71,11,20201213PITBUF
523,34,51,18,20201214BALCLE
524,47,22,24,20201219BUFDEN
525,33,85,5,20201219CARGNB
526,46,86,5,20201220DETTEN
527,39,78,3,20201220JAXBAL
528,79,65,9,20201220NWEMIA
529,43,69,8,20201220SEAWAS
530,36,82,0,20201220CLENYG
531,43,63,10,20201221PITCIN
532,49,44,8,20201227ATLKAN
533,55,60,5,20201227CHIJAX
534,37,42,5,20201227CLENYJ
535,37,65,6,20201227INDPIT
536,38,48,3,20201227NYGBAL
537,41,46,6,20201227CARWAS
538,45,89,2,20201227LARSEA
539,28,88,15,20201227TENGNB
540,41,90,4,20201228BUFNWE
541,65,77,0,20210103ATLTAM
542,35,93,0,20210103MIABUF
543,39,79,0,20210103BALCIN
544,38,91,0,20210103PITCLE
545,33,85,0,20210103DALNYG
546,33,75,0,20210103NYJNWE
547,57,80,0,20210103NORCAR
548,32,85,0,20210103GNBCHI
549,53,19,0,20210103LVRDEN
550,35,88,0,20210103LACKAN
551,38,92,0,20210103WASPHI
552,34,59,6,20210109INDBUF
553,39,91,1,20210109LARSEA
554,40,47,10,20210109TAMWAS
555,33,63,1,20210110BALTEN
556,34,72,1,20210110CLEPIT
557,35,69,13,20210116LARGNB
558,34,81,13,20210116BALBUF
559,40,62,13,20210117CLEKAN
560,29,75,10,20210124TAMGNB
561,40,70,7,20210124BUFKAN
562,63,78,9,20210207TAMKAN
563,82,85,9,20210909DALTAM
564,73,79,17,20210912PITBUF
565,81,51,0,20210912NYJCAR
566,81,54,15,20210912MINCIN
567,82,55,8,20210912ARITEN
568,81,49,4,20210912LACWAS
569,88,43,8,20210912CLEKAN
570,82,56,19,20210912DENNYG
571,86,57,9,20210912GNBNOR
572,81,58,15,20210912MIANWE
573,71,94,0,20210916NYGWAS
574,89,59,7,20210919BUFMIA
575,83,65,4,20210919NORCAR
576,80,52,0,20210919CINCHI
577,75,66,12,20210919HOUCLE
578,80,87,7,20210919DENJAX
579,72,49,13,20210919NWENYJ
580,76,42,13,20210919SFOPHI
581,77,60,4,20210919LVRPIT
582,85,72,0,20210919ATLTAM
583,62,70,14,20210919TENSEA
584,82,38,8,20210919KANBAL
585,73,84,12,20210920DETGNB
586,69,45,13,20210926ATLNYG
587,67,40,21,20210926WASBUF
588,70,38,22,20210926CHICLE
589,67,42,9,20210926CINPIT
590,72,66,4,20210926INDTEN
591,81,49,4,20210926ARIJAX
592,81,34,19,20210926LACKAN
593,73,55,11,20210926NORNWE
594,82,13,6,20210926NYJDEN
595,69,57,15,20210926GNBSFO
596,65,84,0,20210930JAXCIN
597,67,93,12,20211003HOUBUF
598,72,79,4,20211003DETCHI
599,85,57,16,20211003INDMIA
600,73,69,8,20211003KANPHI
601,78,50,9,20211003TENNYJ
602,80,33,0,20211003SEASFO
603,77,14,11,20211003BALDEN
604,67,87,4,20211003PITGNB
605,62,84,4,20211003TAMNWE
606,56,53,8,20211007LARSEA
607,63,77,8,20211010NYJATL
608,76,60,13,20211010PHICAR
609,76,67,12,20211010GNBCIN
610,71,61,9,20211010DENPIT
611,78,71,11,20211010TENJAX
612,84,59,7,20211010MIATAM
613,70,78,12,20211010NORWAS
614,76,52,0,20211010BUFKAN
615,69,75,6,20211011INDBAL
616,74,56,8,20211014TAMPHI
617,63,72,11,20211017MIAJAX
618,62,39,7,20211017MINCAR
619,59,39,6,20211017GNBCHI
620,62,39,13,20211017KANWAS
621,61,56,13,20211017LARNYG
622,63,46,15,20211017LACBAL
623,58,55,23,20211017ARICLE
624,62,46,11,20211017DALNWE
625,76,10,8,20211017LVRDEN
626,49,77,6,20211017SEAPIT
627,66,40,6,20211018BUFTEN
628,59,69,27,20211021DENCLE
629,85,70,9,20211024ATLMIA
630,57,51,0,20211024CARNYG
631,61,60,6,20211024CINBAL
632,49,56,11,20211024WASGNB
633,74,48,14,20211024KANTEN
634,52,44,0,20211024NYJNWE
635,83,65,7,20211024CHITAM
636,64,84,16,20211024INDSFO
637,54,77,16,20211025NORSEA
638,54,82,9,20211031MIABUF
639,53,63,12,20211031SFOCHI
640,63,67,11,20211031CINNYJ
641,57,67,13,20211031PITCLE
642,54,45,8,20211031JAXSEA
643,41,70,4,20211031WASDEN
644,39,89,4,20211101NYGKAN
645,59,75,16,20211107BUFJAX
646,56,37,8,20211107MINBAL
647,61,35,16,20211107NWECAR
648,56,47,0,20211107CLECIN
649,72,57,19,20211107HOUMIA
650,54,38,4,20211107LVRNYG
651,54,37,11,20211107LACPHI
652,57,74,8,20211107ARISFO
653,51,74,12,20211107GNBKAN
654,55,51,7,20211108CHIPIT
655,77,85,4,20211111BALMIA
656,47,56,4,20211114BUFNYJ
657,37,72,12,20211114DETPIT
658,53,48,12,20211114NORTEN
659,47,40,8,20211114TAMWAS
660,48,54,6,20211114CLENWE
661,57,27,19,20211114PHIDEN
662,35,78,11,20211114SEAGNB
663,59,88,0,20211115LARSFO
664,49,48,12,20211121INDBUF
665,46,71,9,20211121BALCHI
666,59,67,8,20211121HOUTEN
667,68,84,17,20211121SFOJAX
668,51,63,4,20211121NORPHI
669,54,50,0,20211121WASCAR
670,42,84,7,20211121DETCLE
671,52,44,4,20211121MIANYJ
672,57,31,17,20211121DALKAN
673,46,76,0,20211121ARISEA
674,68,61,6,20211122NYGTAM
675,61,41,4,20211128ATLJAX
676,43,65,12,20211128PITCIN
677,39,72,4,20211128PHINYG
678,74,56,4,20211128CARMIA
679,33,61,6,20211128TENNWE
680,62,22,0,20211128LACDEN
681,68,43,7,20211128MINSFO
682,37,46,14,20211128LARGNB
683,43,70,0,20211128CLEBAL
684,41,51,9,20211129SEAWAS
685,34,80,8,20211205ARICHI
686,48,51,11,20211205LACCIN
687,45,33,0,20211205PHINYJ
688,80,62,11,20211205NYGMIA
689,41,76,4,20211205SFOSEA
690,50,44,7,20211205BALPIT
691,58,55,22,20211205DENKAN
692,36,59,19,20211206NWEBUF
693,48,37,9,20211212ATLCAR
694,48,40,9,20211212SFOCIN
695,46,42,14,20211212BALCLE
696,48,32,17,20211212DALWAS
697,45,58,0,20211212JAXTEN
698,47,34,19,20211212LVRKAN
699,46,30,13,20211212NORNYJ
700,63,12,8,20211212DETDEN
701,82,66,4,20211212BUFTAM
702,36,59,8,20211212CHIGNB
703,30,69,8,20211219CARBUF
704,37,54,8,20211219DALNYG
705,43,52,11,20211219GNBBAL
706,80,71,12,20211219HOUJAX
707,82,70,9,20211219NYJMIA
708,32,74,11,20211219TENPIT
709,46,81,0,20211219ATLSFO
710,61,9,19,20211219CINDEN
711,75,99,0,20211219NORTAM
712,40,47,8,20211220LVRCLE
713,37,75,8,20211220MINCHI
714,42,57,7,20211221WASPHI
715,48,46,7,20211223SFOTEN
716,35,49,11,20211225CLEGNB
717,38,79,13,20211226BUFNWE
718,73,41,8,20211226TAMCAR
719,52,63,0,20211226BALCIN
720,47,49,0,20211226JAXNYJ
721,53,46,9,20211226NYGPHI
722,25,85,11,20211226CHISEA
723,60,64,22,20211226PITKAN
724,26,81,11,20220102ATLBUF
725,25,74,13,20220102NYGCHI
726,33,81,13,20220102KANCIN
727,46,100,4,20220102JAXNWE
728,43,93,13,20220102MIATEN
729,57,82,9,20220102TAMNYJ
730,62,91,4,20220102PHIWAS
731,50,58,6,20220102HOUSFO
732,37,92,0,20220102DETSEA
733,59,92,6,20220102LARBAL
734,11,60,9,20220102MINGNB
735,25,60,12,20220103CLEPIT
736,41,57,4,20220108KANDEN
737,31,43,8,20220108DALPHI
738,36,67,19,20220109NYJBUF
739,80,99,4,20220109CARTAM
740,38,89,22,20220109CINCLE
741,76,60,19,20220109INDJAX
742,75,79,8,20220109NWEMIA
743,38,64,0,20220109WASNYG
744,36,100,0,20220109PITBAL
745,31,63,12,20220115LVRCIN
746,7,66,8,20220115NWEBUF
747,66,52,21,20220116PHITAM
748,30,78,8,20220116PITKAN
749,35,43,0,20220122CINTEN
750,15,53,12,20220122SFOGNB
751,50,69,11,20220123LARTAM
752,35,54,6,20220123BUFKAN
753,41,41,4,20220130CINKAN
754,79,79,6,20220911CLECAR
755,67,84,7,20220911SFOCHI
756,73,90,2,20220911PITCIN
757,74,94,4,20220911JAXWAS
758,91,60,11,20220911NWEMIA
759,69,87,2,20220911BALNYJ
760,77,90,14,20220911NYGTEN
761,73,55,4,20220912DENSEA
762,82,41,13,20220915LACKAN
763,77,56,7,20220918CARNYG
764,79,58,12,20220918NYJCLE
765,81,79,6,20220918INDJAX
766,77,69,6,20220918MIABAL
767,75,64,8,20220918NWEPIT
768,64,83,12,20220918SEASFO
769,79,30,7,20220918HOUDEN
770,73,76,6,20220918CHIGNB
771,68,83,4,20220919TENBUF
772,79,58,4,20220919MINPHI
773,61,48,24,20220922PITCLE
774,90,54,7,20220925BUFMIA
775,69,61,6,20220925NORCAR
776,65,65,15,20220925HOUCHI
777,67,63,2,20220925CINNYJ
778,69,55,15,20220925BALNWE
779,78,62,14,20220925LVRTEN
780,68,78,4,20220925PHIWAS
781,72,55,9,20220925ATLSEA
782,89,54,7,20220925GNBTAM
783,72,27,7,20220925SFODEN
784,70,42,2,20220926DALNYG
785,63,54,12,20220929MIACIN
786,64,49,8,20221002MINNOR
787,58,78,2,20221002BUFBAL
788,59,63,15,20221002CHINYG
789,57,93,11,20221002JAXPHI
790,57,77,7,20221002NYJPIT
791,66,59,15,20221002ARICAR
792,66,59,9,20221002NWEGNB
793,75,64,2,20221002KANTAM
794,73,53,13,20221003LARSFO
795,71,23,9,20221006INDDEN
796,64,42,9,20221009NYGGNB
797,82,58,8,20221009ATLTAM
798,59,47,13,20221009PITBUF
799,58,47,16,20221009LACCLE
800,60,42,13,20221009DETNWE
801,87,59,11,20221009HOUJAX
802,57,47,15,20221009MIANYJ
803,59,36,11,20221009TENWAS
804,66,43,2,20221009SFOCAR
805,52,71,2,20221009CINBAL
806,77,37,4,20221010LVRKAN
807,48,46,11,20221013WASCHI
808,57,47,7,20221016NWECLE
809,49,66,7,20221016NYJGNB
810,85,65,13,20221016MINMIA
811,61,52,4,20221016BALNYG
812,58,37,12,20221016TAMPIT
813,80,29,6,20221016ARISEA
814,64,37,12,20221016BUFKAN
815,61,58,2,20221016DALPHI
816,72,46,11,20221023ATLCIN
817,66,46,6,20221023TAMCAR
818,63,63,4,20221023CLEBAL
819,73,34,13,20221023INDTEN
820,59,83,9,20221023GNBWAS
821,74,62,7,20221023NYGJAX
822,63,27,29,20221023NYJDEN
823,66,32,12,20221023KANSFO
824,78,69,7,20221023PITMIA
825,56,93,11,20221024CHINWE
826,76,91,4,20221027BALTAM
827,61,77,9,20221030DENJAX
828,57,39,2,20221030NWENYJ
829,60,47,2,20221030PITPHI
830,54,83,8,20221030NYGSEA
831,54,47,4,20221030GNBBUF
832,66,68,9,20221031CINCLE
833,69,81,17,20221106BUFNYJ
834,68,57,11,20221106CARCIN
835,78,56,13,20221106INDNWE
836,58,55,17,20221106MIACHI
837,71,79,11,20221106MINWAS
838,81,72,14,20221106LVRJAX
839,88,57,2,20221106LARTAM
840,54,61,7,20221106TENKAN
841,61,88,12,20221110ATLCAR
842,54,71,9,20221113SEATAM
843,85,48,7,20221113CLEMIA
844,36,48,9,20221113DENTEN
845,34,45,13,20221113DETCHI
846,50,58,15,20221113HOUNYG
847,33,56,7,20221113JAXKAN
848,38,85,11,20221113MINBUF
849,37,65,15,20221113NORPIT
850,33,53,8,20221113DALGNB
851,57,38,6,20221113LACSFO
852,43,45,6,20221114WASPHI
853,25,81,11,20221117TENGNB
854,36,24,2,20221120CARBAL
855,35,30,21,20221120DETNYG
856,42,35,2,20221120NYJNWE
857,49,23,11,20221120LVRDEN
858,27,38,12,20221120CINPIT
859,64,52,4,20221121SFOARI
860,46,97,9,20221127ATLWAS
861,50,61,9,20221127CHINYJ
862,56,62,14,20221127CINTEN
863,66,94,15,20221127DENCAR
864,84,63,13,20221127HOUMIA
865,77,82,19,20221127BALJAX
866,56,84,14,20221127TAMCLE
867,44,67,8,20221127LVRSEA
868,59,63,2,20221127NORSFO
869,44,65,6,20221127LARKAN
870,62,86,24,20221127GNBPHI
871,35,57,2,20221201BUFNWE
872,63,75,8,20221204DENBAL
873,38,42,12,20221204GNBCHI
874,60,62,7,20221204TENPHI
875,40,63,9,20221204WASNYG
876,38,73,6,20221204MIASFO
877,57,77,2,20221204KANCIN
878,69,78,2,20221205NORTAM
879,47,63,8,20221211CLECIN
880,54,77,8,20221211JAXTEN
881,36,92,11,20221211NYJBUF
882,37,78,6,20221211PHINYG
883,42,82,12,20221211BALPIT
884,45,97,4,20221211CARSEA
885,54,54,8,20221211TAMSFO
886,55,19,4,20221211KANDEN
887,39,71,6,20221215SFOSEA
888,34,59,12,20221217BALCLE
889,29,92,4,20221217MIABUF
890,47,37,7,20221218PITCAR
891,17,70,17,20221218PHICHI
892,54,37,9,20221218DALJAX
893,38,52,13,20221218DETNYJ
894,37,20,4,20221218ARIDEN
895,66,43,6,20221218CINTAM
896,35,47,13,20221218NYGWAS
897,15,76,4,20221219LARGNB
898,43,89,17,20221222JAXNYJ
899,17,38,9,20221224ATLBAL
900,7,72,17,20221224BUFCHI
901,20,43,12,20221224DETCAR
902,21,43,2,20221224CINNWE
903,6,66,27,20221224NORCLE
904,22,55,14,20221224HOUTEN
905,12,61,9,20221224SEAKAN
906,54,82,2,20221224WASSFO
907,9,76,21,20221224LVRPIT
908,45,68,14,20221225GNBMIA
909,56,72,4,20221229DALTEN
910,75,87,2,20230101CARTAM
911,59,51,9,20230101CLEWAS
912,52,57,14,20230101INDNYG
913,47,80,2,20230101DENKAN
914,53,73,2,20230101MIANWE
915,54,57,11,20230101NORPHI
916,44,89,2,20230101PITBAL
917,45,93,2,20230101NYJSEA
918,39,79,7,20230101MINGNB
919,56,67,4,20230107TENJAX
920,30,74,6,20230108NWEBUF
921,38,62,7,20230108BALCIN
922,32,74,2,20230108MINCHI
923,36,64,8,20230108CLEPIT
924,75,66,9,20230108NYJMIA
925,57,77,2,20230108ARISFO
926,42,53,7,20230108DALWAS
927,43,39,4,20230108LACDEN
928,43,55,12,20230108NYGPHI
929,45,100,4,20230108LARSEA
930,21,92,4,20230108DETGNB
