id,date,season
20180906ATLPHI,2018-09-06T20:20:00,2018
20180909BUFBAL,2018-09-09T13:00:00,2018
20180909CININD,2018-09-09T13:00:00,2018
20180909PITCLE,2018-09-09T13:00:00,2018
20180909HOUNWE,2018-09-09T13:00:00,2018
20180909JAXNYG,2018-09-09T13:00:00,2018
20180909TENMIA,2018-09-09T13:00:00,2018
20180909SFOMIN,2018-09-09T13:00:00,2018
20180909TAMNOR,2018-09-09T13:00:00,2018
20180909KANLAC,2018-09-09T16:05:00,2018
20180909DALCAR,2018-09-09T16:25:00,2018
20180909WASARI,2018-09-09T16:25:00,2018
20180909SEADEN,2018-09-09T16:25:00,2018
20180909CHIGNB,2018-09-09T20:20:00,2018
20180910NYJDET,2018-09-10T19:10:00,2018
20180910LAROAK,2018-09-10T22:20:00,2018
20180913BALCIN,2018-09-13T20:20:00,2018
20180916CARATL,2018-09-16T13:00:00,2018
20180916LACBUF,2018-09-16T13:00:00,2018
20180916CLENOR,2018-09-16T13:00:00,2018
20180916INDWAS,2018-09-16T13:00:00,2018
20180916MINGNB,2018-09-16T13:00:00,2018
20180916HOUTEN,2018-09-16T13:00:00,2018
20180916KANPIT,2018-09-16T13:00:00,2018
20180916MIANYJ,2018-09-16T13:00:00,2018
20180916PHITAM,2018-09-16T13:00:00,2018
20180916ARILAR,2018-09-16T16:05:00,2018
20180916DETSFO,2018-09-16T16:05:00,2018
20180916OAKDEN,2018-09-16T16:25:00,2018
20180916NWEJAX,2018-09-16T16:25:00,2018
20180916NYGDAL,2018-09-16T20:20:00,2018
20180917SEACHI,2018-09-17T20:15:00,2018
20180920NYJCLE,2018-09-20T20:20:00,2018
20180923NORATL,2018-09-23T13:00:00,2018
20180923BUFMIN,2018-09-23T13:00:00,2018
20180923CINCAR,2018-09-23T13:00:00,2018
20180923INDPHI,2018-09-23T13:00:00,2018
20180923DENBAL,2018-09-23T13:00:00,2018
20180923GNBWAS,2018-09-23T13:00:00,2018
20180923NYGHOU,2018-09-23T13:00:00,2018
20180923TENJAX,2018-09-23T13:00:00,2018
20180923SFOKAN,2018-09-23T13:00:00,2018
20180923OAKMIA,2018-09-23T13:00:00,2018
20180923LACLAR,2018-09-23T16:05:00,2018
20180923CHIARI,2018-09-23T16:25:00,2018
20180923DALSEA,2018-09-23T16:25:00,2018
20180923NWEDET,2018-09-23T20:20:00,2018
20180924PITTAM,2018-09-24T20:15:00,2018
20180927MINLAR,2018-09-27T20:20:00,2018
20180930CINATL,2018-09-30T13:00:00,2018
20180930BUFGNB,2018-09-30T13:00:00,2018
20180930TAMCHI,2018-09-30T13:00:00,2018
20180930HOUIND,2018-09-30T13:00:00,2018
20180930DETDAL,2018-09-30T13:00:00,2018
20180930NYJJAX,2018-09-30T13:00:00,2018
20180930MIANWE,2018-09-30T13:00:00,2018
20180930PHITEN,2018-09-30T13:00:00,2018
20180930CLEOAK,2018-09-30T16:05:00,2018
20180930SEAARI,2018-09-30T16:05:00,2018
20180930NORNYG,2018-09-30T16:25:00,2018
20180930SFOLAC,2018-09-30T16:25:00,2018
20180930BALPIT,2018-09-30T20:20:00,2018
20181001KANDEN,2018-10-01T20:15:00,2018
20181004INDNWE,2018-10-04T20:20:00,2018
20181007NYGCAR,2018-10-07T13:00:00,2018
20181007ATLPIT,2018-10-07T13:00:00,2018
20181007TENBUF,2018-10-07T13:00:00,2018
20181007MIACIN,2018-10-07T13:00:00,2018
20181007BALCLE,2018-10-07T13:00:00,2018
20181007DENNYJ,2018-10-07T13:00:00,2018
20181007GNBDET,2018-10-07T13:00:00,2018
20181007JAXKAN,2018-10-07T13:00:00,2018
20181007OAKLAC,2018-10-07T16:05:00,2018
20181007ARISFO,2018-10-07T16:25:00,2018
20181007MINPHI,2018-10-07T16:25:00,2018
20181007LARSEA,2018-10-07T16:25:00,2018
20181007DALHOU,2018-10-07T20:20:00,2018
20181008WASNOR,2018-10-08T20:15:00,2018
20181011PHINYG,2018-10-11T20:20:00,2018
20181014CARWAS,2018-10-14T13:00:00,2018
20181014CHIMIA,2018-10-14T13:00:00,2018
20181014TAMATL,2018-10-14T13:00:00,2018
20181014BUFHOU,2018-10-14T13:00:00,2018
20181014PITCIN,2018-10-14T13:00:00,2018
20181014LACCLE,2018-10-14T13:00:00,2018
20181014INDNYJ,2018-10-14T13:00:00,2018
20181014ARIMIN,2018-10-14T13:00:00,2018
20181014SEAOAK,2018-10-14T13:00:00,2018
20181014LARDEN,2018-10-14T16:05:00,2018
20181014JAXDAL,2018-10-14T16:25:00,2018
20181014BALTEN,2018-10-14T16:25:00,2018
20181014KANNWE,2018-10-14T20:20:00,2018
20181015SFOGNB,2018-10-15T20:15:00,2018
20181018DENARI,2018-10-18T20:20:00,2018
20181021TENLAC,2018-10-21T09:30:00,2018
20181021CARPHI,2018-10-21T13:00:00,2018
20181021NWECHI,2018-10-21T13:00:00,2018
20181021DETMIA,2018-10-21T13:00:00,2018
20181021BUFIND,2018-10-21T13:00:00,2018
20181021CLETAM,2018-10-21T13:00:00,2018
20181021HOUJAX,2018-10-21T13:00:00,2018
20181021MINNYJ,2018-10-21T13:00:00,2018
20181021NORBAL,2018-10-21T16:05:00,2018
20181021DALWAS,2018-10-21T16:25:00,2018
20181021LARSFO,2018-10-21T16:25:00,2018
20181021CINKAN,2018-10-21T20:20:00,2018
20181022NYGATL,2018-10-22T20:15:00,2018
20181025MIAHOU,2018-10-25T20:20:00,2018
20181028PHIJAX,2018-10-28T09:30:00,2018
20181028BALCAR,2018-10-28T13:00:00,2018
20181028NYJCHI,2018-10-28T13:00:00,2018
20181028SEADET,2018-10-28T13:00:00,2018
20181028TAMCIN,2018-10-28T13:00:00,2018
20181028CLEPIT,2018-10-28T13:00:00,2018
20181028DENKAN,2018-10-28T13:00:00,2018
20181028WASNYG,2018-10-28T13:00:00,2018
20181028INDOAK,2018-10-28T16:05:00,2018
20181028GNBLAR,2018-10-28T16:25:00,2018
20181028SFOARI,2018-10-28T16:25:00,2018
20181028NORMIN,2018-10-28T20:20:00,2018
20181029NWEBUF,2018-10-29T20:15:00,2018
20181101OAKSFO,2018-11-01T20:20:00,2018
20181104ATLWAS,2018-11-04T13:00:00,2018
20181104TAMCAR,2018-11-04T13:00:00,2018
20181104DETMIN,2018-11-04T13:00:00,2018
20181104PITBAL,2018-11-04T13:00:00,2018
20181104CHIBUF,2018-11-04T13:00:00,2018
20181104KANCLE,2018-11-04T13:00:00,2018
20181104NYJMIA,2018-11-04T13:00:00,2018
20181104LACSEA,2018-11-04T16:05:00,2018
20181104HOUDEN,2018-11-04T16:05:00,2018
20181104LARNOR,2018-11-04T16:25:00,2018
20181104GNBNWE,2018-11-04T20:20:00,2018
20181105TENDAL,2018-11-05T20:15:00,2018
20181108CARPIT,2018-11-08T20:20:00,2018
20181111ATLCLE,2018-11-11T13:00:00,2018
20181111DETCHI,2018-11-11T13:00:00,2018
20181111NORCIN,2018-11-11T13:00:00,2018
20181111JAXIND,2018-11-11T13:00:00,2018
20181111ARIKAN,2018-11-11T13:00:00,2018
20181111WASTAM,2018-11-11T13:00:00,2018
20181111BUFNYJ,2018-11-11T13:00:00,2018
20181111NWETEN,2018-11-11T13:00:00,2018
20181111LACOAK,2018-11-11T16:05:00,2018
20181111MIAGNB,2018-11-11T16:25:00,2018
20181111SEALAR,2018-11-11T16:25:00,2018
20181111DALPHI,2018-11-11T20:20:00,2018
20181112NYGSFO,2018-11-12T20:15:00,2018
20181115GNBSEA,2018-11-15T20:20:00,2018
20181118DALATL,2018-11-18T13:00:00,2018
20181118CARDET,2018-11-18T13:00:00,2018
20181118CINBAL,2018-11-18T13:00:00,2018
20181118TENIND,2018-11-18T13:00:00,2018
20181118HOUWAS,2018-11-18T13:00:00,2018
20181118PITJAX,2018-11-18T13:00:00,2018
20181118TAMNYG,2018-11-18T13:00:00,2018
20181118OAKARI,2018-11-18T16:05:00,2018
20181118DENLAC,2018-11-18T16:05:00,2018
20181118PHINOR,2018-11-18T16:25:00,2018
20181118MINCHI,2018-11-18T20:20:00,2018
20181119KANLAR,2018-11-19T20:15:00,2018
20181122CHIDET,2018-11-22T12:30:00,2018
20181122WASDAL,2018-11-22T16:30:00,2018
20181122ATLNOR,2018-11-22T20:20:00,2018
20181125JAXBUF,2018-11-25T13:00:00,2018
20181125SEACAR,2018-11-25T13:00:00,2018
20181125CLECIN,2018-11-25T13:00:00,2018
20181125NWENYJ,2018-11-25T13:00:00,2018
20181125NYGPHI,2018-11-25T13:00:00,2018
20181125OAKBAL,2018-11-25T13:00:00,2018
20181125SFOTAM,2018-11-25T13:00:00,2018
20181125ARILAC,2018-11-25T16:05:00,2018
20181125MIAIND,2018-11-25T16:25:00,2018
20181125PITDEN,2018-11-25T16:25:00,2018
20181125GNBMIN,2018-11-25T20:20:00,2018
20181126TENHOU,2018-11-26T20:15:00,2018
20181129NORDAL,2018-11-29T20:20:00,2018
20181202BALATL,2018-12-02T13:00:00,2018
20181202BUFMIA,2018-12-02T13:00:00,2018
20181202CARTAM,2018-12-02T13:00:00,2018
20181202CHINYG,2018-12-02T13:00:00,2018
20181202DENCIN,2018-12-02T13:00:00,2018
20181202CLEHOU,2018-12-02T13:00:00,2018
20181202INDJAX,2018-12-02T13:00:00,2018
20181202ARIGNB,2018-12-02T13:00:00,2018
20181202LARDET,2018-12-02T13:00:00,2018
20181202KANOAK,2018-12-02T16:05:00,2018
20181202NYJTEN,2018-12-02T16:05:00,2018
20181202MINNWE,2018-12-02T16:25:00,2018
20181202SFOSEA,2018-12-02T16:25:00,2018
20181202LACPIT,2018-12-02T20:20:00,2018
20181203WASPHI,2018-12-03T20:15:00,2018
20181206JAXTEN,2018-12-06T20:20:00,2018
20181209ATLGNB,2018-12-09T13:00:00,2018
20181209NYJBUF,2018-12-09T13:00:00,2018
20181209CARCLE,2018-12-09T13:00:00,2018
20181209INDHOU,2018-12-09T13:00:00,2018
20181209BALKAN,2018-12-09T13:00:00,2018
20181209NWEMIA,2018-12-09T13:00:00,2018
20181209NORTAM,2018-12-09T13:00:00,2018
20181209NYGWAS,2018-12-09T13:00:00,2018
20181209CINLAC,2018-12-09T16:05:00,2018
20181209DENSFO,2018-12-09T16:05:00,2018
20181209DETARI,2018-12-09T16:25:00,2018
20181209PHIDAL,2018-12-09T16:25:00,2018
20181209PITOAK,2018-12-09T16:25:00,2018
20181209LARCHI,2018-12-09T20:20:00,2018
20181210MINSEA,2018-12-10T20:15:00,2018
20181213LACKAN,2018-12-13T20:20:00,2018
20181215HOUNYJ,2018-12-15T16:30:00,2018
20181215CLEDEN,2018-12-15T20:20:00,2018
20181216ARIATL,2018-12-16T13:00:00,2018
20181216DETBUF,2018-12-16T13:00:00,2018
20181216GNBCHI,2018-12-16T13:00:00,2018
20181216OAKCIN,2018-12-16T13:00:00,2018
20181216DALIND,2018-12-16T13:00:00,2018
20181216WASJAX,2018-12-16T13:00:00,2018
20181216MIAMIN,2018-12-16T13:00:00,2018
20181216TENNYG,2018-12-16T13:00:00,2018
20181216TAMBAL,2018-12-16T13:00:00,2018
20181216SEASFO,2018-12-16T16:05:00,2018
20181216NWEPIT,2018-12-16T16:25:00,2018
20181216PHILAR,2018-12-16T20:20:00,2018
20181217NORCAR,2018-12-17T20:15:00,2018
20181222WASTEN,2018-12-22T16:30:00,2018
20181222BALLAC,2018-12-22T20:20:00,2018
20181223ATLCAR,2018-12-23T13:00:00,2018
20181223BUFNWE,2018-12-23T13:00:00,2018
20181223CINCLE,2018-12-23T13:00:00,2018
20181223NYGIND,2018-12-23T13:00:00,2018
20181223TAMDAL,2018-12-23T13:00:00,2018
20181223MINDET,2018-12-23T13:00:00,2018
20181223GNBNYJ,2018-12-23T13:00:00,2018
20181223HOUPHI,2018-12-23T13:00:00,2018
20181223JAXMIA,2018-12-23T13:00:00,2018
20181223CHISFO,2018-12-23T16:05:00,2018
20181223LARARI,2018-12-23T16:05:00,2018
20181223PITNOR,2018-12-23T16:25:00,2018
20181223KANSEA,2018-12-23T20:20:00,2018
20181224DENOAK,2018-12-24T20:15:00,2018
20181230ATLTAM,2018-12-30T13:00:00,2018
20181230MIABUF,2018-12-30T13:00:00,2018
20181230CARNOR,2018-12-30T13:00:00,2018
20181230DALNYG,2018-12-30T13:00:00,2018
20181230DETGNB,2018-12-30T13:00:00,2018
20181230JAXHOU,2018-12-30T13:00:00,2018
20181230NYJNWE,2018-12-30T13:00:00,2018
20181230CHIMIN,2018-12-30T16:25:00,2018
20181230CINPIT,2018-12-30T16:25:00,2018
20181230CLEBAL,2018-12-30T16:25:00,2018
20181230ARISEA,2018-12-30T16:25:00,2018
20181230LACDEN,2018-12-30T16:25:00,2018
20181230OAKKAN,2018-12-30T16:25:00,2018
20181230PHIWAS,2018-12-30T16:25:00,2018
20181230SFOLAR,2018-12-30T16:25:00,2018
20181230INDTEN,2018-12-30T20:20:00,2018
20190105INDHOU,2019-01-05T16:35:00,2018
20190105SEADAL,2019-01-05T20:15:00,2018
20190106LACBAL,2019-01-06T13:05:00,2018
20190106PHICHI,2019-01-06T16:40:00,2018
20190112INDKAN,2019-01-12T16:35:00,2018
20190112DALLAR,2019-01-12T20:15:00,2018
20190113LACNWE,2019-01-13T13:05:00,2018
20190113PHINOR,2019-01-13T16:40:00,2018
20190120LARNOR,2019-01-20T15:05:00,2018
20190120NWEKAN,2019-01-20T18:40:00,2018
20190203LARNWE,2019-02-03T18:30:00,2018
20190905GNBCHI,2019-09-05T20:20:00,2019
20190908ATLMIN,2019-09-08T13:00:00,2019
20190908BUFNYJ,2019-09-08T13:00:00,2019
20190908LARCAR,2019-09-08T13:00:00,2019
20190908TENCLE,2019-09-08T13:00:00,2019
20190908KANJAX,2019-09-08T13:00:00,2019
20190908BALMIA,2019-09-08T13:00:00,2019
20190908WASPHI,2019-09-08T13:00:00,2019
20190908CINSEA,2019-09-08T16:05:00,2019
20190908INDLAC,2019-09-08T16:05:00,2019
20190908DETARI,2019-09-08T16:25:00,2019
20190908NYGDAL,2019-09-08T16:25:00,2019
20190908SFOTAM,2019-09-08T16:25:00,2019
20190908PITNWE,2019-09-08T20:20:00,2019
20190909HOUNOR,2019-09-09T19:10:00,2019
20190909DENOAK,2019-09-09T22:20:00,2019
20190912TAMCAR,2019-09-12T20:20:00,2019
20190915BUFNYG,2019-09-15T13:00:00,2019
20190915SFOCIN,2019-09-15T13:00:00,2019
20190915INDTEN,2019-09-15T13:00:00,2019
20190915ARIBAL,2019-09-15T13:00:00,2019
20190915DALWAS,2019-09-15T13:00:00,2019
20190915LACDET,2019-09-15T13:00:00,2019
20190915MINGNB,2019-09-15T13:00:00,2019
20190915JAXHOU,2019-09-15T13:00:00,2019
20190915NWEMIA,2019-09-15T13:00:00,2019
20190915SEAPIT,2019-09-15T13:00:00,2019
20190915KANOAK,2019-09-15T16:05:00,2019
20190915CHIDEN,2019-09-15T16:25:00,2019
20190915NORLAR,2019-09-15T16:25:00,2019
20190915PHIATL,2019-09-15T20:20:00,2019
20190916CLENYJ,2019-09-16T20:15:00,2019
20190919TENJAX,2019-09-19T20:20:00,2019
20190922ATLIND,2019-09-22T13:00:00,2019
20190922CINBUF,2019-09-22T13:00:00,2019
20190922MIADAL,2019-09-22T13:00:00,2019
20190922DENGNB,2019-09-22T13:00:00,2019
20190922DETPHI,2019-09-22T13:00:00,2019
20190922BALKAN,2019-09-22T13:00:00,2019
20190922OAKMIN,2019-09-22T13:00:00,2019
20190922NYJNWE,2019-09-22T13:00:00,2019
20190922CARARI,2019-09-22T16:05:00,2019
20190922NYGTAM,2019-09-22T16:05:00,2019
20190922HOULAC,2019-09-22T16:25:00,2019
20190922NORSEA,2019-09-22T16:25:00,2019
20190922PITSFO,2019-09-22T16:25:00,2019
20190922LARCLE,2019-09-22T20:20:00,2019
20190923CHIWAS,2019-09-23T20:15:00,2019
20190926PHIGNB,2019-09-26T20:20:00,2019
20190929TENATL,2019-09-29T13:00:00,2019
20190929NWEBUF,2019-09-29T13:00:00,2019
20190929CARHOU,2019-09-29T13:00:00,2019
20190929CLEBAL,2019-09-29T13:00:00,2019
20190929OAKIND,2019-09-29T13:00:00,2019
20190929KANDET,2019-09-29T13:00:00,2019
20190929LACMIA,2019-09-29T13:00:00,2019
20190929WASNYG,2019-09-29T13:00:00,2019
20190929SEAARI,2019-09-29T16:05:00,2019
20190929TAMLAR,2019-09-29T16:05:00,2019
20190929MINCHI,2019-09-29T16:25:00,2019
20190929JAXDEN,2019-09-29T16:25:00,2019
20190929DALNOR,2019-09-29T20:20:00,2019
20190930CINPIT,2019-09-30T20:15:00,2019
20191003LARSEA,2019-10-03T20:20:00,2019
20191006NYJPHI,2019-10-06T13:00:00,2019
20191006ATLHOU,2019-10-06T13:00:00,2019
20191006BUFTEN,2019-10-06T13:00:00,2019
20191006JAXCAR,2019-10-06T13:00:00,2019
20191006CHIOAK,2019-10-06T13:00:00,2019
20191006ARICIN,2019-10-06T13:00:00,2019
20191006MINNYG,2019-10-06T13:00:00,2019
20191006TAMNOR,2019-10-06T13:00:00,2019
20191006NWEWAS,2019-10-06T13:00:00,2019
20191006BALPIT,2019-10-06T13:00:00,2019
20191006DENLAC,2019-10-06T16:05:00,2019
20191006GNBDAL,2019-10-06T16:25:00,2019
20191006INDKAN,2019-10-06T20:20:00,2019
20191007CLESFO,2019-10-07T20:15:00,2019
20191010NYGNWE,2019-10-10T20:20:00,2019
20191013CARTAM,2019-10-13T09:30:00,2019
20191013WASMIA,2019-10-13T13:00:00,2019
20191013CINBAL,2019-10-13T13:00:00,2019
20191013SEACLE,2019-10-13T13:00:00,2019
20191013HOUKAN,2019-10-13T13:00:00,2019
20191013NORJAX,2019-10-13T13:00:00,2019
20191013PHIMIN,2019-10-13T13:00:00,2019
20191013ATLARI,2019-10-13T16:05:00,2019
20191013SFOLAR,2019-10-13T16:05:00,2019
20191013DALNYJ,2019-10-13T16:25:00,2019
20191013TENDEN,2019-10-13T16:25:00,2019
20191013PITLAC,2019-10-13T20:20:00,2019
20191014DETGNB,2019-10-14T20:15:00,2019
20191017KANDEN,2019-10-17T20:20:00,2019
20191020MIABUF,2019-10-20T13:00:00,2019
20191020HOUIND,2019-10-20T13:00:00,2019
20191020MINDET,2019-10-20T13:00:00,2019
20191020SFOWAS,2019-10-20T13:00:00,2019
20191020LARATL,2019-10-20T13:00:00,2019
20191020JAXCIN,2019-10-20T13:00:00,2019
20191020ARINYG,2019-10-20T13:00:00,2019
20191020OAKGNB,2019-10-20T13:00:00,2019
20191020LACTEN,2019-10-20T16:05:00,2019
20191020NORCHI,2019-10-20T16:25:00,2019
20191020BALSEA,2019-10-20T16:25:00,2019
20191020PHIDAL,2019-10-20T20:20:00,2019
20191021NWENYJ,2019-10-21T20:15:00,2019
20191024WASMIN,2019-10-24T20:20:00,2019
20191027PHIBUF,2019-10-27T13:00:00,2019
20191027LACCHI,2019-10-27T13:00:00,2019
20191027DENIND,2019-10-27T13:00:00,2019
20191027NYGDET,2019-10-27T13:00:00,2019
20191027SEAATL,2019-10-27T13:00:00,2019
20191027CINLAR,2019-10-27T13:00:00,2019
20191027ARINOR,2019-10-27T13:00:00,2019
20191027NYJJAX,2019-10-27T13:00:00,2019
20191027TAMTEN,2019-10-27T13:00:00,2019
20191027CARSFO,2019-10-27T16:05:00,2019
20191027CLENWE,2019-10-27T16:25:00,2019
20191027OAKHOU,2019-10-27T16:25:00,2019
20191027GNBKAN,2019-10-27T20:20:00,2019
20191028MIAPIT,2019-10-28T20:15:00,2019
20191031SFOARI,2019-10-31T20:20:00,2019
20191103HOUJAX,2019-11-03T09:30:00,2019
20191103WASBUF,2019-11-03T13:00:00,2019
20191103TENCAR,2019-11-03T13:00:00,2019
20191103CHIPHI,2019-11-03T13:00:00,2019
20191103INDPIT,2019-11-03T13:00:00,2019
20191103NYJMIA,2019-11-03T13:00:00,2019
20191103MINKAN,2019-11-03T13:00:00,2019
20191103DETOAK,2019-11-03T16:05:00,2019
20191103TAMSEA,2019-11-03T16:05:00,2019
20191103CLEDEN,2019-11-03T16:25:00,2019
20191103GNBLAC,2019-11-03T16:25:00,2019
20191103NWEBAL,2019-11-03T20:20:00,2019
20191104DALNYG,2019-11-04T20:15:00,2019
20191107LACOAK,2019-11-07T20:20:00,2019
20191110ATLNOR,2019-11-10T13:00:00,2019
20191110BUFCLE,2019-11-10T13:00:00,2019
20191110DETCHI,2019-11-10T13:00:00,2019
20191110BALCIN,2019-11-10T13:00:00,2019
20191110ARITAM,2019-11-10T13:00:00,2019
20191110KANTEN,2019-11-10T13:00:00,2019
20191110NYGNYJ,2019-11-10T13:00:00,2019
20191110MIAIND,2019-11-10T16:05:00,2019
20191110CARGNB,2019-11-10T16:25:00,2019
20191110LARPIT,2019-11-10T16:25:00,2019
20191110MINDAL,2019-11-10T20:20:00,2019
20191111SEASFO,2019-11-11T20:15:00,2019
20191114PITCLE,2019-11-14T20:20:00,2019
20191117ATLCAR,2019-11-17T13:00:00,2019
20191117BUFMIA,2019-11-17T13:00:00,2019
20191117JAXIND,2019-11-17T13:00:00,2019
20191117DALDET,2019-11-17T13:00:00,2019
20191117DENMIN,2019-11-17T13:00:00,2019
20191117HOUBAL,2019-11-17T13:00:00,2019
20191117NORTAM,2019-11-17T13:00:00,2019
20191117NYJWAS,2019-11-17T13:00:00,2019
20191117ARISFO,2019-11-17T16:05:00,2019
20191117CINOAK,2019-11-17T16:25:00,2019
20191117NWEPHI,2019-11-17T16:25:00,2019
20191117CHILAR,2019-11-17T20:20:00,2019
20191118KANLAC,2019-11-18T20:15:00,2019
20191121INDHOU,2019-11-21T20:20:00,2019
20191124TAMATL,2019-11-24T13:00:00,2019
20191124DENBUF,2019-11-24T13:00:00,2019
20191124CARNOR,2019-11-24T13:00:00,2019
20191124NYGCHI,2019-11-24T13:00:00,2019
20191124PITCIN,2019-11-24T13:00:00,2019
20191124MIACLE,2019-11-24T13:00:00,2019
20191124DETWAS,2019-11-24T13:00:00,2019
20191124OAKNYJ,2019-11-24T13:00:00,2019
20191124SEAPHI,2019-11-24T13:00:00,2019
20191124JAXTEN,2019-11-24T16:05:00,2019
20191124DALNWE,2019-11-24T16:25:00,2019
20191124GNBSFO,2019-11-24T20:20:00,2019
20191125BALLAR,2019-11-25T20:15:00,2019
20191128CHIDET,2019-11-28T12:30:00,2019
20191128BUFDAL,2019-11-28T16:30:00,2019
20191128NORATL,2019-11-28T20:20:00,2019
20191201WASCAR,2019-12-01T13:00:00,2019
20191201NYJCIN,2019-12-01T13:00:00,2019
20191201CLEPIT,2019-12-01T13:00:00,2019
20191201TENIND,2019-12-01T13:00:00,2019
20191201GNBNYG,2019-12-01T13:00:00,2019
20191201TAMJAX,2019-12-01T13:00:00,2019
20191201PHIMIA,2019-12-01T13:00:00,2019
20191201SFOBAL,2019-12-01T13:00:00,2019
20191201LARARI,2019-12-01T16:05:00,2019
20191201LACDEN,2019-12-01T16:25:00,2019
20191201OAKKAN,2019-12-01T16:25:00,2019
20191201NWEHOU,2019-12-01T20:20:00,2019
20191202MINSEA,2019-12-02T20:15:00,2019
20191205DALCHI,2019-12-05T20:20:00,2019
20191208CARATL,2019-12-08T13:00:00,2019
20191208BALBUF,2019-12-08T13:00:00,2019
20191208CINCLE,2019-12-08T13:00:00,2019
20191208INDTAM,2019-12-08T13:00:00,2019
20191208DENHOU,2019-12-08T13:00:00,2019
20191208DETMIN,2019-12-08T13:00:00,2019
20191208WASGNB,2019-12-08T13:00:00,2019
20191208MIANYJ,2019-12-08T13:00:00,2019
20191208SFONOR,2019-12-08T13:00:00,2019
20191208LACJAX,2019-12-08T16:05:00,2019
20191208PITARI,2019-12-08T16:25:00,2019
20191208KANNWE,2019-12-08T16:25:00,2019
20191208TENOAK,2019-12-08T16:25:00,2019
20191208SEALAR,2019-12-08T20:20:00,2019
20191209NYGPHI,2019-12-09T20:15:00,2019
20191212NYJBAL,2019-12-12T20:20:00,2019
20191215SEACAR,2019-12-15T13:00:00,2019
20191215CHIGNB,2019-12-15T13:00:00,2019
20191215NWECIN,2019-12-15T13:00:00,2019
20191215DENKAN,2019-12-15T13:00:00,2019
20191215TAMDET,2019-12-15T13:00:00,2019
20191215HOUTEN,2019-12-15T13:00:00,2019
20191215MIANYG,2019-12-15T13:00:00,2019
20191215PHIWAS,2019-12-15T13:00:00,2019
20191215CLEARI,2019-12-15T16:05:00,2019
20191215JAXOAK,2019-12-15T16:05:00,2019
20191215MINLAC,2019-12-15T16:05:00,2019
20191215ATLSFO,2019-12-15T16:25:00,2019
20191215LARDAL,2019-12-15T16:25:00,2019
20191215BUFPIT,2019-12-15T20:20:00,2019
20191216INDNOR,2019-12-16T20:15:00,2019
20191221HOUTAM,2019-12-21T13:00:00,2019
20191221BUFNWE,2019-12-21T16:30:00,2019
20191221LARSFO,2019-12-21T20:15:00,2019
20191222JAXATL,2019-12-22T13:00:00,2019
20191222CARIND,2019-12-22T13:00:00,2019
20191222CINMIA,2019-12-22T13:00:00,2019
20191222BALCLE,2019-12-22T13:00:00,2019
20191222NORTEN,2019-12-22T13:00:00,2019
20191222NYGWAS,2019-12-22T13:00:00,2019
20191222PITNYJ,2019-12-22T13:00:00,2019
20191222DETDEN,2019-12-22T16:05:00,2019
20191222OAKLAC,2019-12-22T16:05:00,2019
20191222ARISEA,2019-12-22T16:25:00,2019
20191222DALPHI,2019-12-22T16:25:00,2019
20191222KANCHI,2019-12-22T20:20:00,2019
20191223GNBMIN,2019-12-23T20:15:00,2019
20191229ATLTAM,2019-12-29T13:00:00,2019
20191229NYJBUF,2019-12-29T13:00:00,2019
20191229NORCAR,2019-12-29T13:00:00,2019
20191229CHIMIN,2019-12-29T13:00:00,2019
20191229CLECIN,2019-12-29T13:00:00,2019
20191229GNBDET,2019-12-29T13:00:00,2019
20191229LACKAN,2019-12-29T13:00:00,2019
20191229MIANWE,2019-12-29T13:00:00,2019
20191229INDJAX,2019-12-29T16:25:00,2019
20191229ARILAR,2019-12-29T16:25:00,2019
20191229WASDAL,2019-12-29T16:25:00,2019
20191229OAKDEN,2019-12-29T16:25:00,2019
20191229TENHOU,2019-12-29T16:25:00,2019
20191229PHINYG,2019-12-29T16:25:00,2019
20191229PITBAL,2019-12-29T16:25:00,2019
20191229SFOSEA,2019-12-29T20:20:00,2019
20200104BUFHOU,2020-01-04T16:35:00,2019
20200104TENNWE,2020-01-04T20:15:00,2019
20200105MINNOR,2020-01-05T13:05:00,2019
20200105SEAPHI,2020-01-05T16:40:00,2019
20200111MINSFO,2020-01-11T16:35:00,2019
20200111TENBAL,2020-01-11T20:15:00,2019
20200112HOUKAN,2020-01-12T15:05:00,2019
20200112SEAGNB,2020-01-12T18:40:00,2019
20200119TENKAN,2020-01-19T15:05:00,2019
20200119GNBSFO,2020-01-19T18:40:00,2019
20200202SFOKAN,2020-02-02T18:30:00,2019
20200910HOUKAN,2020-09-10T20:20:00,2020
20200913SEAATL,2020-09-13T13:00:00,2020
20200913NYJBUF,2020-09-13T13:00:00,2020
20200913LVRCAR,2020-09-13T13:00:00,2020
20200913CHIDET,2020-09-13T13:00:00,2020
20200913CLEBAL,2020-09-13T13:00:00,2020
20200913INDJAX,2020-09-13T13:00:00,2020
20200913GNBMIN,2020-09-13T13:00:00,2020
20200913MIANWE,2020-09-13T13:00:00,2020
20200913PHIWAS,2020-09-13T13:00:00,2020
20200913LACCIN,2020-09-13T16:05:00,2020
20200913ARISFO,2020-09-13T16:25:00,2020
20200913TAMNOR,2020-09-13T16:25:00,2020
20200913DALLAR,2020-09-13T20:20:00,2020
20200914PITNYG,2020-09-14T19:15:00,2020
20200914TENDEN,2020-09-14T22:10:00,2020
20200917CINCLE,2020-09-17T20:20:00,2020
20200920ATLDAL,2020-09-20T13:00:00,2020
20200920BUFMIA,2020-09-20T13:00:00,2020
20200920CARTAM,2020-09-20T13:00:00,2020
20200920NYGCHI,2020-09-20T13:00:00,2020
20200920MININD,2020-09-20T13:00:00,2020
20200920DENPIT,2020-09-20T13:00:00,2020
20200920DETGNB,2020-09-20T13:00:00,2020
20200920JAXTEN,2020-09-20T13:00:00,2020
20200920SFONYJ,2020-09-20T13:00:00,2020
20200920LARPHI,2020-09-20T13:00:00,2020
20200920WASARI,2020-09-20T16:05:00,2020
20200920BALHOU,2020-09-20T16:25:00,2020
20200920KANLAC,2020-09-20T16:25:00,2020
20200920NWESEA,2020-09-20T20:20:00,2020
20200921NORLVR,2020-09-21T20:15:00,2020
20200924MIAJAX,2020-09-24T20:20:00,2020
20200927CHIATL,2020-09-27T13:00:00,2020
20200927LARBUF,2020-09-27T13:00:00,2020
20200927CINPHI,2020-09-27T13:00:00,2020
20200927WASCLE,2020-09-27T13:00:00,2020
20200927HOUPIT,2020-09-27T13:00:00,2020
20200927TENMIN,2020-09-27T13:00:00,2020
20200927LVRNWE,2020-09-27T13:00:00,2020
20200927SFONYG,2020-09-27T13:00:00,2020
20200927CARLAC,2020-09-27T16:05:00,2020
20200927NYJIND,2020-09-27T16:05:00,2020
20200927DETARI,2020-09-27T16:25:00,2020
20200927DALSEA,2020-09-27T16:25:00,2020
20200927TAMDEN,2020-09-27T16:25:00,2020
20200927GNBNOR,2020-09-27T20:20:00,2020
20200928KANBAL,2020-09-28T20:15:00,2020
20201001DENNYJ,2020-10-01T20:20:00,2020
20201004ARICAR,2020-10-04T13:00:00,2020
20201004INDCHI,2020-10-04T13:00:00,2020
20201004JAXCIN,2020-10-04T13:00:00,2020
20201004CLEDAL,2020-10-04T13:00:00,2020
20201004NORDET,2020-10-04T13:00:00,2020
20201004MINHOU,2020-10-04T13:00:00,2020
20201004SEAMIA,2020-10-04T13:00:00,2020
20201004BALWAS,2020-10-04T13:00:00,2020
20201004LACTAM,2020-10-04T13:00:00,2020
20201004NYGLAR,2020-10-04T16:05:00,2020
20201004BUFLVR,2020-10-04T16:25:00,2020
20201004PHISFO,2020-10-04T20:20:00,2020
20201005NWEKAN,2020-10-05T19:05:00,2020
20201005ATLGNB,2020-10-05T20:15:00,2020
20201008TAMCHI,2020-10-08T20:20:00,2020
20201011CARATL,2020-10-11T13:00:00,2020
20201011CINBAL,2020-10-11T13:00:00,2020
20201011ARINYJ,2020-10-11T13:00:00,2020
20201011JAXHOU,2020-10-11T13:00:00,2020
20201011LVRKAN,2020-10-11T13:00:00,2020
20201011PHIPIT,2020-10-11T13:00:00,2020
20201011LARWAS,2020-10-11T13:00:00,2020
20201011MIASFO,2020-10-11T16:05:00,2020
20201011INDCLE,2020-10-11T16:25:00,2020
20201011NYGDAL,2020-10-11T16:25:00,2020
20201011MINSEA,2020-10-11T20:20:00,2020
20201012LACNOR,2020-10-12T20:15:00,2020
20201013BUFTEN,2020-10-13T19:00:00,2020
20201018DENNWE,2020-10-18T13:00:00,2020
20201018DETJAX,2020-10-18T13:00:00,2020
20201018ATLMIN,2020-10-18T13:00:00,2020
20201018CHICAR,2020-10-18T13:00:00,2020
20201018CININD,2020-10-18T13:00:00,2020
20201018CLEPIT,2020-10-18T13:00:00,2020
20201018HOUTEN,2020-10-18T13:00:00,2020
20201018WASNYG,2020-10-18T13:00:00,2020
20201018BALPHI,2020-10-18T13:00:00,2020
20201018NYJMIA,2020-10-18T16:05:00,2020
20201018GNBTAM,2020-10-18T16:25:00,2020
20201018LARSFO,2020-10-18T20:20:00,2020
20201019KANBUF,2020-10-19T17:00:00,2020
20201019ARIDAL,2020-10-19T20:15:00,2020
20201022NYGPHI,2020-10-22T20:20:00,2020
20201025GNBHOU,2020-10-25T13:00:00,2020
20201025PITTEN,2020-10-25T13:00:00,2020
20201025DETATL,2020-10-25T13:00:00,2020
20201025BUFNYJ,2020-10-25T13:00:00,2020
20201025CARNOR,2020-10-25T13:00:00,2020
20201025CLECIN,2020-10-25T13:00:00,2020
20201025DALWAS,2020-10-25T13:00:00,2020
20201025TAMLVR,2020-10-25T16:05:00,2020
20201025KANDEN,2020-10-25T16:25:00,2020
20201025SFONWE,2020-10-25T16:25:00,2020
20201025JAXLAC,2020-10-25T16:25:00,2020
20201025SEAARI,2020-10-25T20:20:00,2020
20201026CHILAR,2020-10-26T20:15:00,2020
20201029ATLCAR,2020-10-29T20:20:00,2020
20201101INDDET,2020-11-01T13:00:00,2020
20201101MINGNB,2020-11-01T13:00:00,2020
20201101LARMIA,2020-11-01T13:00:00,2020
20201101PITBAL,2020-11-01T13:00:00,2020
20201101NWEBUF,2020-11-01T13:00:00,2020
20201101TENCIN,2020-11-01T13:00:00,2020
20201101LVRCLE,2020-11-01T13:00:00,2020
20201101NYJKAN,2020-11-01T13:00:00,2020
20201101LACDEN,2020-11-01T16:05:00,2020
20201101SFOSEA,2020-11-01T16:25:00,2020
20201101NORCHI,2020-11-01T16:25:00,2020
20201101DALPHI,2020-11-01T20:20:00,2020
20201102TAMNYG,2020-11-02T20:15:00,2020
20201105GNBSFO,2020-11-05T20:20:00,2020
20201108BALIND,2020-11-08T13:00:00,2020
20201108DETMIN,2020-11-08T13:00:00,2020
20201108HOUJAX,2020-11-08T13:00:00,2020
20201108DENATL,2020-11-08T13:00:00,2020
20201108SEABUF,2020-11-08T13:00:00,2020
20201108CARKAN,2020-11-08T13:00:00,2020
20201108CHITEN,2020-11-08T13:00:00,2020
20201108NYGWAS,2020-11-08T13:00:00,2020
20201108LVRLAC,2020-11-08T16:05:00,2020
20201108MIAARI,2020-11-08T16:25:00,2020
20201108PITDAL,2020-11-08T16:25:00,2020
20201108NORTAM,2020-11-08T20:20:00,2020
20201109NWENYJ,2020-11-09T20:15:00,2020
20201112INDTEN,2020-11-12T20:20:00,2020
20201115HOUCLE,2020-11-15T13:00:00,2020
20201115WASDET,2020-11-15T13:00:00,2020
20201115JAXGNB,2020-11-15T13:00:00,2020
20201115TAMCAR,2020-11-15T13:00:00,2020
20201115PHINYG,2020-11-15T13:00:00,2020
20201115DENLVR,2020-11-15T16:05:00,2020
20201115LACMIA,2020-11-15T16:05:00,2020
20201115BUFARI,2020-11-15T16:05:00,2020
20201115CINPIT,2020-11-15T16:25:00,2020
20201115SFONOR,2020-11-15T16:25:00,2020
20201115SEALAR,2020-11-15T16:25:00,2020
20201115BALNWE,2020-11-15T20:20:00,2020
20201116MINCHI,2020-11-16T20:15:00,2020
20201119ARISEA,2020-11-19T20:20:00,2020
20201122ATLNOR,2020-11-22T13:00:00,2020
20201122CINWAS,2020-11-22T13:00:00,2020
20201122PHICLE,2020-11-22T13:00:00,2020
20201122NWEHOU,2020-11-22T13:00:00,2020
20201122PITJAX,2020-11-22T13:00:00,2020
20201122TENBAL,2020-11-22T13:00:00,2020
20201122DETCAR,2020-11-22T13:00:00,2020
20201122MIADEN,2020-11-22T16:05:00,2020
20201122NYJLAC,2020-11-22T16:05:00,2020
20201122GNBIND,2020-11-22T16:25:00,2020
20201122DALMIN,2020-11-22T16:25:00,2020
20201122KANLVR,2020-11-22T20:20:00,2020
20201123LARTAM,2020-11-23T20:15:00,2020
20201126HOUDET,2020-11-26T12:30:00,2020
20201126WASDAL,2020-11-26T16:30:00,2020
20201129LVRATL,2020-11-29T13:00:00,2020
20201129LACBUF,2020-11-29T13:00:00,2020
20201129NYGCIN,2020-11-29T13:00:00,2020
20201129CLEJAX,2020-11-29T13:00:00,2020
20201129TENIND,2020-11-29T13:00:00,2020
20201129ARINWE,2020-11-29T13:00:00,2020
20201129MIANYJ,2020-11-29T13:00:00,2020
20201129CARMIN,2020-11-29T13:00:00,2020
20201129NORDEN,2020-11-29T16:05:00,2020
20201129SFOLAR,2020-11-29T16:05:00,2020
20201129KANTAM,2020-11-29T16:25:00,2020
20201129CHIGNB,2020-11-29T20:20:00,2020
20201130SEAPHI,2020-11-30T20:15:00,2020
20201202BALPIT,2020-12-02T15:40:00,2020
20201206NORATL,2020-12-06T13:00:00,2020
20201206DETCHI,2020-12-06T13:00:00,2020
20201206CINMIA,2020-12-06T13:00:00,2020
20201206CLETEN,2020-12-06T13:00:00,2020
20201206INDHOU,2020-12-06T13:00:00,2020
20201206JAXMIN,2020-12-06T13:00:00,2020
20201206LVRNYJ,2020-12-06T13:00:00,2020
20201206LARARI,2020-12-06T16:05:00,2020
20201206NYGSEA,2020-12-06T16:05:00,2020
20201206PHIGNB,2020-12-06T16:25:00,2020
20201206NWELAC,2020-12-06T16:25:00,2020
20201206DENKAN,2020-12-06T20:20:00,2020
20201207WASPIT,2020-12-07T17:00:00,2020
20201207BUFSFO,2020-12-07T20:15:00,2020
20201208DALBAL,2020-12-08T20:05:00,2020
20201210NWELAR,2020-12-10T20:20:00,2020
20201213DENCAR,2020-12-13T13:00:00,2020
20201213HOUCHI,2020-12-13T13:00:00,2020
20201213DALCIN,2020-12-13T13:00:00,2020
20201213ARINYG,2020-12-13T13:00:00,2020
20201213TENJAX,2020-12-13T13:00:00,2020
20201213KANMIA,2020-12-13T13:00:00,2020
20201213MINTAM,2020-12-13T13:00:00,2020
20201213INDLVR,2020-12-13T16:05:00,2020
20201213NYJSEA,2020-12-13T16:05:00,2020
20201213ATLLAC,2020-12-13T16:25:00,2020
20201213GNBDET,2020-12-13T16:25:00,2020
20201213NORPHI,2020-12-13T16:25:00,2020
20201213WASSFO,2020-12-13T16:25:00,2020
20201213PITBUF,2020-12-13T20:20:00,2020
20201214BALCLE,2020-12-14T20:15:00,2020
20201217LACLVR,2020-12-17T20:20:00,2020
20201219BUFDEN,2020-12-19T16:30:00,2020
20201219CARGNB,2020-12-19T20:15:00,2020
20201220TAMATL,2020-12-20T13:00:00,2020
20201220CHIMIN,2020-12-20T13:00:00,2020
20201220HOUIND,2020-12-20T13:00:00,2020
20201220SFODAL,2020-12-20T13:00:00,2020
20201220DETTEN,2020-12-20T13:00:00,2020
20201220JAXBAL,2020-12-20T13:00:00,2020
20201220NWEMIA,2020-12-20T13:00:00,2020
20201220SEAWAS,2020-12-20T13:00:00,2020
20201220PHIARI,2020-12-20T16:05:00,2020
20201220NYJLAR,2020-12-20T16:05:00,2020
20201220KANNOR,2020-12-20T16:25:00,2020
20201220CLENYG,2020-12-20T20:20:00,2020
20201221PITCIN,2020-12-21T20:15:00,2020
20201225MINNOR,2020-12-25T16:30:00,2020
20201226TAMDET,2020-12-26T13:00:00,2020
20201226SFOARI,2020-12-26T16:30:00,2020
20201226MIALVR,2020-12-26T20:15:00,2020
20201227ATLKAN,2020-12-27T13:00:00,2020
20201227CHIJAX,2020-12-27T13:00:00,2020
20201227CINHOU,2020-12-27T13:00:00,2020
20201227CLENYJ,2020-12-27T13:00:00,2020
20201227INDPIT,2020-12-27T13:00:00,2020
20201227NYGBAL,2020-12-27T13:00:00,2020
20201227CARWAS,2020-12-27T16:05:00,2020
20201227DENLAC,2020-12-27T16:05:00,2020
20201227PHIDAL,2020-12-27T16:25:00,2020
20201227LARSEA,2020-12-27T16:25:00,2020
20201227TENGNB,2020-12-27T20:20:00,2020
20201228BUFNWE,2020-12-28T20:15:00,2020
20210103ATLTAM,2021-01-03T13:00:00,2020
20210103MIABUF,2021-01-03T13:00:00,2020
20210103BALCIN,2021-01-03T13:00:00,2020
20210103PITCLE,2021-01-03T13:00:00,2020
20210103DALNYG,2021-01-03T13:00:00,2020
20210103MINDET,2021-01-03T13:00:00,2020
20210103NYJNWE,2021-01-03T13:00:00,2020
20210103NORCAR,2021-01-03T16:25:00,2020
20210103GNBCHI,2021-01-03T16:25:00,2020
20210103JAXIND,2021-01-03T16:25:00,2020
20210103ARILAR,2021-01-03T16:25:00,2020
20210103LVRDEN,2021-01-03T16:25:00,2020
20210103TENHOU,2021-01-03T16:25:00,2020
20210103LACKAN,2021-01-03T16:25:00,2020
20210103SEASFO,2021-01-03T16:25:00,2020
20210103WASPHI,2021-01-03T20:20:00,2020
20210109INDBUF,2021-01-09T13:05:00,2020
20210109LARSEA,2021-01-09T16:40:00,2020
20210109TAMWAS,2021-01-09T20:15:00,2020
20210110BALTEN,2021-01-10T13:05:00,2020
20210110CHINOR,2021-01-10T16:40:00,2020
20210110CLEPIT,2021-01-10T20:15:00,2020
20210116LARGNB,2021-01-16T16:35:00,2020
20210116BALBUF,2021-01-16T20:15:00,2020
20210117CLEKAN,2021-01-17T15:05:00,2020
20210117TAMNOR,2021-01-17T18:40:00,2020
20210124TAMGNB,2021-01-24T15:05:00,2020
20210124BUFKAN,2021-01-24T18:40:00,2020
20210207TAMKAN,2021-02-07T18:30:00,2020
20210909DALTAM,2021-09-09T20:20:00,2021
20210912PHIATL,2021-09-12T13:00:00,2021
20210912PITBUF,2021-09-12T13:00:00,2021
20210912NYJCAR,2021-09-12T13:00:00,2021
20210912MINCIN,2021-09-12T13:00:00,2021
20210912SEAIND,2021-09-12T13:00:00,2021
20210912ARITEN,2021-09-12T13:00:00,2021
20210912SFODET,2021-09-12T13:00:00,2021
20210912JAXHOU,2021-09-12T13:00:00,2021
20210912LACWAS,2021-09-12T13:00:00,2021
20210912CLEKAN,2021-09-12T16:25:00,2021
20210912DENNYG,2021-09-12T16:25:00,2021
20210912GNBNOR,2021-09-12T16:25:00,2021
20210912MIANWE,2021-09-12T16:25:00,2021
20210912CHILAR,2021-09-12T20:20:00,2021
20210913BALLVR,2021-09-13T20:15:00,2021
20210916NYGWAS,2021-09-16T20:20:00,2021
20210919BUFMIA,2021-09-19T13:00:00,2021
20210919NORCAR,2021-09-19T13:00:00,2021
20210919CINCHI,2021-09-19T13:00:00,2021
20210919HOUCLE,2021-09-19T13:00:00,2021
20210919LARIND,2021-09-19T13:00:00,2021
20210919DENJAX,2021-09-19T13:00:00,2021
20210919NWENYJ,2021-09-19T13:00:00,2021
20210919SFOPHI,2021-09-19T13:00:00,2021
20210919LVRPIT,2021-09-19T13:00:00,2021
20210919ATLTAM,2021-09-19T16:05:00,2021
20210919MINARI,2021-09-19T16:05:00,2021
20210919DALLAC,2021-09-19T16:25:00,2021
20210919TENSEA,2021-09-19T16:25:00,2021
20210919KANBAL,2021-09-19T20:20:00,2021
20210920DETGNB,2021-09-20T20:15:00,2021
20210923CARHOU,2021-09-23T20:20:00,2021
20210926ATLNYG,2021-09-26T13:00:00,2021
20210926WASBUF,2021-09-26T13:00:00,2021
20210926CHICLE,2021-09-26T13:00:00,2021
20210926CINPIT,2021-09-26T13:00:00,2021
20210926INDTEN,2021-09-26T13:00:00,2021
20210926ARIJAX,2021-09-26T13:00:00,2021
20210926BALDET,2021-09-26T13:00:00,2021
20210926LACKAN,2021-09-26T13:00:00,2021
20210926NORNWE,2021-09-26T13:00:00,2021
20210926NYJDEN,2021-09-26T16:05:00,2021
20210926MIALVR,2021-09-26T16:05:00,2021
20210926SEAMIN,2021-09-26T16:25:00,2021
20210926TAMLAR,2021-09-26T16:25:00,2021
20210926GNBSFO,2021-09-26T20:20:00,2021
20210927PHIDAL,2021-09-27T20:15:00,2021
20210930JAXCIN,2021-09-30T20:20:00,2021
20211003WASATL,2021-10-03T13:00:00,2021
20211003HOUBUF,2021-10-03T13:00:00,2021
20211003CARDAL,2021-10-03T13:00:00,2021
20211003DETCHI,2021-10-03T13:00:00,2021
20211003CLEMIN,2021-10-03T13:00:00,2021
20211003INDMIA,2021-10-03T13:00:00,2021
20211003KANPHI,2021-10-03T13:00:00,2021
20211003NYGNOR,2021-10-03T13:00:00,2021
20211003TENNYJ,2021-10-03T13:00:00,2021
20211003ARILAR,2021-10-03T16:05:00,2021
20211003SEASFO,2021-10-03T16:05:00,2021
20211003BALDEN,2021-10-03T16:25:00,2021
20211003PITGNB,2021-10-03T16:25:00,2021
20211003TAMNWE,2021-10-03T20:20:00,2021
20211004LVRLAC,2021-10-04T20:15:00,2021
20211007LARSEA,2021-10-07T20:20:00,2021
20211010NYJATL,2021-10-10T09:30:00,2021
20211010PHICAR,2021-10-10T13:00:00,2021
20211010GNBCIN,2021-10-10T13:00:00,2021
20211010DENPIT,2021-10-10T13:00:00,2021
20211010DETMIN,2021-10-10T13:00:00,2021
20211010NWEHOU,2021-10-10T13:00:00,2021
20211010TENJAX,2021-10-10T13:00:00,2021
20211010MIATAM,2021-10-10T13:00:00,2021
20211010NORWAS,2021-10-10T13:00:00,2021
20211010CHILVR,2021-10-10T16:05:00,2021
20211010CLELAC,2021-10-10T16:05:00,2021
20211010SFOARI,2021-10-10T16:25:00,2021
20211010NYGDAL,2021-10-10T16:25:00,2021
20211010BUFKAN,2021-10-10T20:20:00,2021
20211011INDBAL,2021-10-11T20:15:00,2021
20211014TAMPHI,2021-10-14T20:20:00,2021
20211017MIAJAX,2021-10-17T09:30:00,2021
20211017MINCAR,2021-10-17T13:00:00,2021
20211017GNBCHI,2021-10-17T13:00:00,2021
20211017CINDET,2021-10-17T13:00:00,2021
20211017HOUIND,2021-10-17T13:00:00,2021
20211017KANWAS,2021-10-17T13:00:00,2021
20211017LARNYG,2021-10-17T13:00:00,2021
20211017LACBAL,2021-10-17T13:00:00,2021
20211017ARICLE,2021-10-17T16:05:00,2021
20211017DALNWE,2021-10-17T16:25:00,2021
20211017LVRDEN,2021-10-17T16:25:00,2021
20211017SEAPIT,2021-10-17T20:20:00,2021
20211018BUFTEN,2021-10-18T20:15:00,2021
20211021DENCLE,2021-10-21T20:20:00,2021
20211024ATLMIA,2021-10-24T13:00:00,2021
20211024CARNYG,2021-10-24T13:00:00,2021
20211024CINBAL,2021-10-24T13:00:00,2021
20211024WASGNB,2021-10-24T13:00:00,2021
20211024KANTEN,2021-10-24T13:00:00,2021
20211024NYJNWE,2021-10-24T13:00:00,2021
20211024DETLAR,2021-10-24T16:05:00,2021
20211024PHILVR,2021-10-24T16:05:00,2021
20211024CHITAM,2021-10-24T16:25:00,2021
20211024HOUARI,2021-10-24T16:25:00,2021
20211024INDSFO,2021-10-24T20:20:00,2021
20211025NORSEA,2021-10-25T20:15:00,2021
20211028GNBARI,2021-10-28T20:20:00,2021
20211031CARATL,2021-10-31T13:00:00,2021
20211031MIABUF,2021-10-31T13:00:00,2021
20211031SFOCHI,2021-10-31T13:00:00,2021
20211031CINNYJ,2021-10-31T13:00:00,2021
20211031PITCLE,2021-10-31T13:00:00,2021
20211031TENIND,2021-10-31T13:00:00,2021
20211031PHIDET,2021-10-31T13:00:00,2021
20211031LARHOU,2021-10-31T13:00:00,2021
20211031JAXSEA,2021-10-31T16:05:00,2021
20211031NWELAC,2021-10-31T16:05:00,2021
20211031TAMNOR,2021-10-31T16:25:00,2021
20211031WASDEN,2021-10-31T16:25:00,2021
20211031DALMIN,2021-10-31T20:20:00,2021
20211101NYGKAN,2021-11-01T20:15:00,2021
20211104NYJIND,2021-11-04T20:20:00,2021
20211107ATLNOR,2021-11-07T13:00:00,2021
20211107BUFJAX,2021-11-07T13:00:00,2021
20211107DENDAL,2021-11-07T13:00:00,2021
20211107MINBAL,2021-11-07T13:00:00,2021
20211107NWECAR,2021-11-07T13:00:00,2021
20211107CLECIN,2021-11-07T13:00:00,2021
20211107HOUMIA,2021-11-07T13:00:00,2021
20211107LVRNYG,2021-11-07T13:00:00,2021
20211107LACPHI,2021-11-07T16:05:00,2021
20211107ARISFO,2021-11-07T16:25:00,2021
20211107GNBKAN,2021-11-07T16:25:00,2021
20211107TENLAR,2021-11-07T20:20:00,2021
20211108CHIPIT,2021-11-08T20:15:00,2021
20211111BALMIA,2021-11-11T20:20:00,2021
20211114ATLDAL,2021-11-14T13:00:00,2021
20211114BUFNYJ,2021-11-14T13:00:00,2021
20211114DETPIT,2021-11-14T13:00:00,2021
20211114NORTEN,2021-11-14T13:00:00,2021
20211114TAMWAS,2021-11-14T13:00:00,2021
20211114CLENWE,2021-11-14T13:00:00,2021
20211114JAXIND,2021-11-14T13:00:00,2021
20211114MINLAC,2021-11-14T16:05:00,2021
20211114CARARI,2021-11-14T16:05:00,2021
20211114PHIDEN,2021-11-14T16:25:00,2021
20211114SEAGNB,2021-11-14T16:25:00,2021
20211114KANLVR,2021-11-14T20:20:00,2021
20211115LARSFO,2021-11-15T20:15:00,2021
20211118NWEATL,2021-11-18T20:20:00,2021
20211121INDBUF,2021-11-21T13:00:00,2021
20211121BALCHI,2021-11-21T13:00:00,2021
20211121HOUTEN,2021-11-21T13:00:00,2021
20211121SFOJAX,2021-11-21T13:00:00,2021
20211121NORPHI,2021-11-21T13:00:00,2021
20211121WASCAR,2021-11-21T13:00:00,2021
20211121DETCLE,2021-11-21T13:00:00,2021
20211121GNBMIN,2021-11-21T13:00:00,2021
20211121MIANYJ,2021-11-21T13:00:00,2021
20211121CINLVR,2021-11-21T16:05:00,2021
20211121DALKAN,2021-11-21T16:25:00,2021
20211121ARISEA,2021-11-21T16:25:00,2021
20211121PITLAC,2021-11-21T20:20:00,2021
20211122NYGTAM,2021-11-22T20:15:00,2021
20211125CHIDET,2021-11-25T12:30:00,2021
20211125LVRDAL,2021-11-25T16:30:00,2021
20211125BUFNOR,2021-11-25T20:20:00,2021
20211128ATLJAX,2021-11-28T13:00:00,2021
20211128PITCIN,2021-11-28T13:00:00,2021
20211128NYJHOU,2021-11-28T13:00:00,2021
20211128PHINYG,2021-11-28T13:00:00,2021
20211128CARMIA,2021-11-28T13:00:00,2021
20211128TAMIND,2021-11-28T13:00:00,2021
20211128TENNWE,2021-11-28T13:00:00,2021
20211128LACDEN,2021-11-28T16:05:00,2021
20211128MINSFO,2021-11-28T16:25:00,2021
20211128LARGNB,2021-11-28T16:25:00,2021
20211128CLEBAL,2021-11-28T20:20:00,2021
20211129SEAWAS,2021-11-29T20:15:00,2021
20211202DALNOR,2021-12-02T20:20:00,2021
20211205TAMATL,2021-12-05T13:00:00,2021
20211205ARICHI,2021-12-05T13:00:00,2021
20211205LACCIN,2021-12-05T13:00:00,2021
20211205MINDET,2021-12-05T13:00:00,2021
20211205PHINYJ,2021-12-05T13:00:00,2021
20211205INDHOU,2021-12-05T13:00:00,2021
20211205NYGMIA,2021-12-05T13:00:00,2021
20211205SFOSEA,2021-12-05T16:00:00,2021
20211205WASLVR,2021-12-05T16:05:00,2021
20211205JAXLAR,2021-12-05T16:25:00,2021
20211205BALPIT,2021-12-05T16:25:00,2021
20211205DENKAN,2021-12-05T20:20:00,2021
20211206NWEBUF,2021-12-06T20:15:00,2021
20211209PITMIN,2021-12-09T20:20:00,2021
20211212ATLCAR,2021-12-12T13:00:00,2021
20211212SFOCIN,2021-12-12T13:00:00,2021
20211212BALCLE,2021-12-12T13:00:00,2021
20211212DALWAS,2021-12-12T13:00:00,2021
20211212SEAHOU,2021-12-12T13:00:00,2021
20211212JAXTEN,2021-12-12T13:00:00,2021
20211212LVRKAN,2021-12-12T13:00:00,2021
20211212NORNYJ,2021-12-12T13:00:00,2021
20211212DETDEN,2021-12-12T16:05:00,2021
20211212NYGLAC,2021-12-12T16:05:00,2021
20211212BUFTAM,2021-12-12T16:25:00,2021
20211212CHIGNB,2021-12-12T20:20:00,2021
20211213LARARI,2021-12-13T20:15:00,2021
20211216KANLAC,2021-12-16T20:20:00,2021
20211218NWEIND,2021-12-18T20:20:00,2021
20211219CARBUF,2021-12-19T13:00:00,2021
20211219ARIDET,2021-12-19T13:00:00,2021
20211219DALNYG,2021-12-19T13:00:00,2021
20211219GNBBAL,2021-12-19T13:00:00,2021
20211219HOUJAX,2021-12-19T13:00:00,2021
20211219NYJMIA,2021-12-19T13:00:00,2021
20211219TENPIT,2021-12-19T13:00:00,2021
20211219ATLSFO,2021-12-19T16:05:00,2021
20211219CINDEN,2021-12-19T16:05:00,2021
20211219NORTAM,2021-12-19T20:20:00,2021
20211220LVRCLE,2021-12-20T17:00:00,2021
20211220MINCHI,2021-12-20T20:15:00,2021
20211221WASPHI,2021-12-21T19:00:00,2021
20211221SEALAR,2021-12-21T19:00:00,2021
20211223SFOTEN,2021-12-23T20:20:00,2021
20211225CLEGNB,2021-12-25T16:30:00,2021
20211225INDARI,2021-12-25T20:15:00,2021
20211226DETATL,2021-12-26T13:00:00,2021
20211226BUFNWE,2021-12-26T13:00:00,2021
20211226TAMCAR,2021-12-26T13:00:00,2021
20211226BALCIN,2021-12-26T13:00:00,2021
20211226LACHOU,2021-12-26T13:00:00,2021
20211226JAXNYJ,2021-12-26T13:00:00,2021
20211226LARMIN,2021-12-26T13:00:00,2021
20211226NYGPHI,2021-12-26T13:00:00,2021
20211226CHISEA,2021-12-26T16:05:00,2021
20211226DENLVR,2021-12-26T16:25:00,2021
20211226PITKAN,2021-12-26T16:25:00,2021
20211226WASDAL,2021-12-26T20:20:00,2021
20211227MIANOR,2021-12-27T20:15:00,2021
20220102ATLBUF,2022-01-02T13:00:00,2021
20220102CARNOR,2022-01-02T13:00:00,2021
20220102NYGCHI,2022-01-02T13:00:00,2021
20220102KANCIN,2022-01-02T13:00:00,2021
20220102LVRIND,2022-01-02T13:00:00,2021
20220102ARIDAL,2022-01-02T13:00:00,2021
20220102JAXNWE,2022-01-02T13:00:00,2021
20220102MIATEN,2022-01-02T13:00:00,2021
20220102TAMNYJ,2022-01-02T13:00:00,2021
20220102PHIWAS,2022-01-02T13:00:00,2021
20220102DENLAC,2022-01-02T16:05:00,2021
20220102HOUSFO,2022-01-02T16:05:00,2021
20220102DETSEA,2022-01-02T16:25:00,2021
20220102LARBAL,2022-01-02T16:25:00,2021
20220102MINGNB,2022-01-02T20:20:00,2021
20220103CLEPIT,2022-01-03T20:15:00,2021
20220108KANDEN,2022-01-08T16:30:00,2021
20220108DALPHI,2022-01-08T20:15:00,2021
20220109NORATL,2022-01-09T13:00:00,2021
20220109NYJBUF,2022-01-09T13:00:00,2021
20220109CARTAM,2022-01-09T13:00:00,2021
20220109CHIMIN,2022-01-09T13:00:00,2021
20220109CINCLE,2022-01-09T13:00:00,2021
20220109INDJAX,2022-01-09T13:00:00,2021
20220109GNBDET,2022-01-09T13:00:00,2021
20220109TENHOU,2022-01-09T13:00:00,2021
20220109NWEMIA,2022-01-09T13:00:00,2021
20220109WASNYG,2022-01-09T13:00:00,2021
20220109PITBAL,2022-01-09T13:00:00,2021
20220109SEAARI,2022-01-09T16:25:00,2021
20220109SFOLAR,2022-01-09T16:25:00,2021
20220109LACLVR,2022-01-09T20:25:00,2021
20220115LVRCIN,2022-01-15T16:30:00,2021
20220115NWEBUF,2022-01-15T20:15:00,2021
20220116PHITAM,2022-01-16T13:00:00,2021
20220116SFODAL,2022-01-16T16:40:00,2021
20220116PITKAN,2022-01-16T20:15:00,2021
20220117ARILAR,2022-01-17T20:15:00,2021
20220122CINTEN,2022-01-22T16:30:00,2021
20220122SFOGNB,2022-01-22T20:15:00,2021
20220123LARTAM,2022-01-23T15:00:00,2021
20220123BUFKAN,2022-01-23T18:30:00,2021
20220130CINKAN,2022-01-30T15:00:00,2021
20220130SFOLAR,2022-01-30T18:30:00,2021
20220213LARCIN,2022-02-13T18:30:00,2021
20220908BUFLAR,2022-09-08T20:20:00,2022
20220911NORATL,2022-09-11T13:00:00,2022
20220911CLECAR,2022-09-11T13:00:00,2022
20220911SFOCHI,2022-09-11T13:00:00,2022
20220911PITCIN,2022-09-11T13:00:00,2022
20220911INDHOU,2022-09-11T13:00:00,2022
20220911PHIDET,2022-09-11T13:00:00,2022
20220911JAXWAS,2022-09-11T13:00:00,2022
20220911NWEMIA,2022-09-11T13:00:00,2022
20220911BALNYJ,2022-09-11T13:00:00,2022
20220911KANARI,2022-09-11T16:25:00,2022
20220911GNBMIN,2022-09-11T16:25:00,2022
20220911NYGTEN,2022-09-11T16:25:00,2022
20220911LVRLAC,2022-09-11T16:25:00,2022
20220911TAMDAL,2022-09-11T20:20:00,2022
20220912DENSEA,2022-09-12T20:20:00,2022
20220915LACKAN,2022-09-15T20:15:00,2022
20220918CARNYG,2022-09-18T13:00:00,2022
20220918NYJCLE,2022-09-18T13:00:00,2022
20220918INDJAX,2022-09-18T13:00:00,2022
20220918WASDET,2022-09-18T13:00:00,2022
20220918MIABAL,2022-09-18T13:00:00,2022
20220918TAMNOR,2022-09-18T13:00:00,2022
20220918NWEPIT,2022-09-18T13:00:00,2022
20220918ATLLAR,2022-09-18T16:05:00,2022
20220918SEASFO,2022-09-18T16:05:00,2022
20220918CINDAL,2022-09-18T16:25:00,2022
20220918ARILVR,2022-09-18T16:25:00,2022
20220918HOUDEN,2022-09-18T16:25:00,2022
20220918CHIGNB,2022-09-18T20:20:00,2022
20220919TENBUF,2022-09-19T19:15:00,2022
20220919MINPHI,2022-09-19T20:30:00,2022
20220922PITCLE,2022-09-22T20:15:00,2022
20220925BUFMIA,2022-09-25T13:00:00,2022
20220925NORCAR,2022-09-25T13:00:00,2022
20220925HOUCHI,2022-09-25T13:00:00,2022
20220925CINNYJ,2022-09-25T13:00:00,2022
20220925KANIND,2022-09-25T13:00:00,2022
20220925DETMIN,2022-09-25T13:00:00,2022
20220925BALNWE,2022-09-25T13:00:00,2022
20220925LVRTEN,2022-09-25T13:00:00,2022
20220925PHIWAS,2022-09-25T13:00:00,2022
20220925JAXLAC,2022-09-25T16:05:00,2022
20220925ATLSEA,2022-09-25T16:25:00,2022
20220925LARARI,2022-09-25T16:25:00,2022
20220925GNBTAM,2022-09-25T16:25:00,2022
20220925SFODEN,2022-09-25T20:20:00,2022
20220926DALNYG,2022-09-26T20:15:00,2022
20220929MIACIN,2022-09-29T20:15:00,2022
20221002MINNOR,2022-10-02T09:30:00,2022
20221002CLEATL,2022-10-02T13:00:00,2022
20221002BUFBAL,2022-10-02T13:00:00,2022
20221002CHINYG,2022-10-02T13:00:00,2022
20221002TENIND,2022-10-02T13:00:00,2022
20221002WASDAL,2022-10-02T13:00:00,2022
20221002SEADET,2022-10-02T13:00:00,2022
20221002LACHOU,2022-10-02T13:00:00,2022
20221002JAXPHI,2022-10-02T13:00:00,2022
20221002NYJPIT,2022-10-02T13:00:00,2022
20221002ARICAR,2022-10-02T16:05:00,2022
20221002DENLVR,2022-10-02T16:25:00,2022
20221002NWEGNB,2022-10-02T16:25:00,2022
20221002KANTAM,2022-10-02T20:20:00,2022
20221003LARSFO,2022-10-03T20:15:00,2022
20221006INDDEN,2022-10-06T20:15:00,2022
20221009NYGGNB,2022-10-09T09:30:00,2022
20221009ATLTAM,2022-10-09T13:00:00,2022
20221009PITBUF,2022-10-09T13:00:00,2022
20221009CHIMIN,2022-10-09T13:00:00,2022
20221009LACCLE,2022-10-09T13:00:00,2022
20221009DETNWE,2022-10-09T13:00:00,2022
20221009HOUJAX,2022-10-09T13:00:00,2022
20221009MIANYJ,2022-10-09T13:00:00,2022
20221009SEANOR,2022-10-09T13:00:00,2022
20221009TENWAS,2022-10-09T13:00:00,2022
20221009SFOCAR,2022-10-09T16:05:00,2022
20221009PHIARI,2022-10-09T16:25:00,2022
20221009DALLAR,2022-10-09T16:25:00,2022
20221009CINBAL,2022-10-09T20:20:00,2022
20221010LVRKAN,2022-10-10T20:15:00,2022
20221013WASCHI,2022-10-13T20:15:00,2022
20221016SFOATL,2022-10-16T13:00:00,2022
20221016CINNOR,2022-10-16T13:00:00,2022
20221016NWECLE,2022-10-16T13:00:00,2022
20221016JAXIND,2022-10-16T13:00:00,2022
20221016NYJGNB,2022-10-16T13:00:00,2022
20221016MINMIA,2022-10-16T13:00:00,2022
20221016BALNYG,2022-10-16T13:00:00,2022
20221016TAMPIT,2022-10-16T13:00:00,2022
20221016CARLAR,2022-10-16T16:05:00,2022
20221016ARISEA,2022-10-16T16:05:00,2022
20221016BUFKAN,2022-10-16T16:25:00,2022
20221016DALPHI,2022-10-16T20:20:00,2022
20221017DENLAC,2022-10-17T20:15:00,2022
20221020NORARI,2022-10-20T20:15:00,2022
20221023ATLCIN,2022-10-23T13:00:00,2022
20221023TAMCAR,2022-10-23T13:00:00,2022
20221023CLEBAL,2022-10-23T13:00:00,2022
20221023INDTEN,2022-10-23T13:00:00,2022
20221023DETDAL,2022-10-23T13:00:00,2022
20221023GNBWAS,2022-10-23T13:00:00,2022
20221023NYGJAX,2022-10-23T13:00:00,2022
20221023HOULVR,2022-10-23T16:05:00,2022
20221023NYJDEN,2022-10-23T16:05:00,2022
20221023KANSFO,2022-10-23T16:25:00,2022
20221023SEALAC,2022-10-23T16:25:00,2022
20221023PITMIA,2022-10-23T20:20:00,2022
20221024CHINWE,2022-10-24T20:15:00,2022
20221027BALTAM,2022-10-27T20:15:00,2022
20221030DENJAX,2022-10-30T09:30:00,2022
20221030CARATL,2022-10-30T13:00:00,2022
20221030CHIDAL,2022-10-30T13:00:00,2022
20221030ARIMIN,2022-10-30T13:00:00,2022
20221030MIADET,2022-10-30T13:00:00,2022
20221030NWENYJ,2022-10-30T13:00:00,2022
20221030PITPHI,2022-10-30T13:00:00,2022
20221030LVRNOR,2022-10-30T13:00:00,2022
20221030TENHOU,2022-10-30T16:05:00,2022
20221030NYGSEA,2022-10-30T16:25:00,2022
20221030SFOLAR,2022-10-30T16:25:00,2022
20221030WASIND,2022-10-30T16:25:00,2022
20221030GNBBUF,2022-10-30T20:20:00,2022
20221031CINCLE,2022-10-31T20:15:00,2022
20221103PHIHOU,2022-11-03T20:15:00,2022
20221106BUFNYJ,2022-11-06T13:00:00,2022
20221106CARCIN,2022-11-06T13:00:00,2022
20221106INDNWE,2022-11-06T13:00:00,2022
20221106GNBDET,2022-11-06T13:00:00,2022
20221106MIACHI,2022-11-06T13:00:00,2022
20221106MINWAS,2022-11-06T13:00:00,2022
20221106LVRJAX,2022-11-06T13:00:00,2022
20221106LACATL,2022-11-06T13:00:00,2022
20221106SEAARI,2022-11-06T16:05:00,2022
20221106LARTAM,2022-11-06T16:25:00,2022
20221106TENKAN,2022-11-06T20:20:00,2022
20221107BALNOR,2022-11-07T20:15:00,2022
20221110ATLCAR,2022-11-10T20:15:00,2022
20221113SEATAM,2022-11-13T09:30:00,2022
20221113CLEMIA,2022-11-13T13:00:00,2022
20221113DENTEN,2022-11-13T13:00:00,2022
20221113DETCHI,2022-11-13T13:00:00,2022
20221113HOUNYG,2022-11-13T13:00:00,2022
20221113JAXKAN,2022-11-13T13:00:00,2022
20221113MINBUF,2022-11-13T13:00:00,2022
20221113NORPIT,2022-11-13T13:00:00,2022
20221113INDLVR,2022-11-13T16:05:00,2022
20221113ARILAR,2022-11-13T16:25:00,2022
20221113DALGNB,2022-11-13T16:25:00,2022
20221113LACSFO,2022-11-13T20:20:00,2022
20221114WASPHI,2022-11-14T20:15:00,2022
20221117TENGNB,2022-11-17T20:15:00,2022
20221120CARBAL,2022-11-20T13:00:00,2022
20221120CHIATL,2022-11-20T13:00:00,2022
20221120CLEBUF,2022-11-20T13:00:00,2022
20221120DETNYG,2022-11-20T13:00:00,2022
20221120NYJNWE,2022-11-20T13:00:00,2022
20221120PHIIND,2022-11-20T13:00:00,2022
20221120LARNOR,2022-11-20T13:00:00,2022
20221120WASHOU,2022-11-20T13:00:00,2022
20221120LVRDEN,2022-11-20T16:05:00,2022
20221120DALMIN,2022-11-20T16:25:00,2022
20221120KANLAC,2022-11-20T20:20:00,2022
20221120CINPIT,2022-11-20T16:25:00,2022
20221121SFOARI,2022-11-21T20:15:00,2022
20221124BUFDET,2022-11-24T12:30:00,2022
20221124NYGDAL,2022-11-24T16:30:00,2022
20221124NWEMIN,2022-11-24T20:20:00,2022
20221127ATLWAS,2022-11-27T13:00:00,2022
20221127CHINYJ,2022-11-27T13:00:00,2022
20221127CINTEN,2022-11-27T13:00:00,2022
20221127DENCAR,2022-11-27T13:00:00,2022
20221127HOUMIA,2022-11-27T13:00:00,2022
20221127BALJAX,2022-11-27T13:00:00,2022
20221127TAMCLE,2022-11-27T13:00:00,2022
20221127LVRSEA,2022-11-27T16:05:00,2022
20221127LACARI,2022-11-27T16:05:00,2022
20221127NORSFO,2022-11-27T16:25:00,2022
20221127LARKAN,2022-11-27T16:25:00,2022
20221127GNBPHI,2022-11-27T20:20:00,2022
20221128PITIND,2022-11-28T20:15:00,2022
